,Temp_avg,Temp_min,Dew_max,Dew_avg,Dew_min,Hum_max,Hum_avg,Hum_min,Wind_max,Wind_avg,Wind_min,Pres_max,Pres_avg,Pres_min,Precipitation,Date
0,35.0,28,39,34.8,28,100,99.5,93,9,4.5,2,30.1,30.1,30.0,0.00,2020-01-01
1,44.6,39,46,43.9,39,100,97.5,93,12,5.5,0,30.0,29.9,29.9,0.00,2020-01-02
2,49.2,46,48,45.6,41,100,87.8,77,15,11.6,8,30.1,29.9,29.8,0.00,2020-01-03
3,43.4,37,41,38.4,36,100,82.5,66,13,6.9,3,30.3,30.2,30.1,0.00,2020-01-04
4,44.8,39,43,40.0,34,100,83.6,66,6,3.3,0,30.3,30.2,30.2,0.00,2020-01-05
5,38.7,32,43,35.3,30,100,88.4,71,18,6.1,0,30.1,30.0,29.9,0.00,2020-01-06
6,45.5,43,50,44.8,41,100,97.5,93,10,7.0,2,30.1,30.0,29.9,0.00,2020-01-07
7,52.9,50,52,51.5,50,100,95.7,88,15,9.7,3,30.0,29.9,29.9,0.00,2020-01-08
8,52.3,50,52,49.6,46,94,91.9,87,18,13.2,9,29.9,29.7,29.5,0.00,2020-01-09
9,46.9,45,46,42.4,39,93,84.6,76,15,10.1,2,30.2,29.8,29.5,0.00,2020-01-10
10,41.2,36,39,36.0,34,93,81.0,62,12,5.9,2,30.2,30.1,30.0,0.00,2020-01-11
11,42.8,37,46,40.1,34,100,88.5,81,16,9.2,3,30.0,30.0,29.9,0.00,2020-01-12
12,47.2,45,46,44.5,41,100,89.4,71,15,10.5,6,29.9,29.7,29.5,0.00,2020-01-13
13,50.8,48,46,41.0,37,87,69.6,62,25,18.3,9,29.6,29.5,29.4,0.00,2020-01-14
14,50.2,45,48,43.1,39,94,77.1,58,21,11.6,0,29.9,29.6,29.6,0.00,2020-01-15
15,48.2,39,46,42.9,39,100,83.3,59,14,7.7,0,29.9,29.8,29.7,0.00,2020-01-16
16,48.4,41,46,41.3,36,93,76.8,58,20,11.1,3,29.9,29.7,29.6,0.00,2020-01-17
17,40.8,36,39,36.2,34,100,83.7,66,10,6.2,2,30.1,30.0,29.9,0.00,2020-01-18
18,39.5,34,36,34.2,30,93,81.3,66,16,9.7,2,30.5,30.3,30.1,0.00,2020-01-19
19,37.7,34,34,33.5,32,93,84.8,70,16,11.8,7,30.6,30.5,30.4,0.00,2020-01-20
20,35.6,30,34,30.4,28,93,83.0,65,10,6.5,2,30.4,30.4,30.3,0.00,2020-01-21
21,32.6,28,32,28.7,27,93,86.1,70,12,6.8,2,30.3,30.2,30.2,0.00,2020-01-22
22,33.6,30,34,30.2,28,93,88.0,75,14,9.4,3,30.2,30.0,29.9,0.00,2020-01-23
23,32.8,28,34,30.0,28,100,90.5,70,8,4.3,0,29.9,29.9,29.8,0.00,2020-01-24
24,34.9,28,39,33.7,28,100,95.6,87,8,1.8,0,29.8,29.8,29.7,0.00,2020-01-25
25,41.1,34,45,39.5,34,100,93.5,82,12,4.8,0,29.7,29.7,29.6,0.00,2020-01-26
26,47.3,46,46,45.0,41,93,89.6,81,17,14.5,10,29.6,29.4,29.2,0.00,2020-01-27
27,44.3,41,45,36.7,32,93,74.7,62,25,18.3,12,29.4,29.3,29.1,0.00,2020-01-28
28,43.9,39,41,37.5,36,93,79.3,66,17,11.0,3,29.7,29.6,29.4,0.00,2020-01-29
29,46.5,37,54,44.9,36,100,94.1,87,17,10.2,6,29.7,29.5,29.4,0.00,2020-01-30
30,53.9,52,52,51.1,50,100,91.0,77,16,11.2,5,29.6,29.6,29.5,0.00,2020-01-31
0,54.5,52,54,50.5,46,100,87.3,72,21,14.4,6,29.7,29.5,29.4,0.00,2020-02-01
1,55.5,52,55,53.3,50,100,92.8,82,17,12.5,6,29.7,29.6,29.5,0.00,2020-02-02
2,53.2,46,54,49.7,43,100,88.4,77,28,11.3,0,29.8,29.7,29.5,0.00,2020-02-03
3,44.8,41,43,37.4,34,93,76.1,54,25,14.7,9,30.1,29.9,29.6,0.00,2020-02-04
4,44.8,37,39,36.8,34,87,74.0,58,12,5.9,2,30.3,30.2,30.1,0.00,2020-02-05
5,41.5,34,36,31.5,23,93,70.9,33,9,5.6,0,30.2,30.1,29.9,0.00,2020-02-06
6,42.8,34,41,33.1,28,81,69.9,54,9,5.3,1,29.9,29.9,29.8,0.00,2020-02-07
7,47.8,45,46,43.1,39,100,83.0,76,12,6.4,2,29.8,29.8,29.8,0.00,2020-02-08
8,50.5,45,54,46.0,41,100,84.7,67,32,21.3,6,29.8,29.5,29.2,0.00,2020-02-09
9,51.2,46,52,41.5,37,87,70.0,54,32,23.9,18,29.6,29.4,29.2,0.00,2020-02-10
10,44.0,39,37,35.9,32,81,73.4,54,23,16.8,10,29.8,29.6,29.5,0.00,2020-02-11
11,42.9,39,37,35.6,34,87,75.5,57,17,11.0,5,29.8,29.8,29.7,0.00,2020-02-12
12,47.5,41,46,39.7,37,93,75.3,51,32,16.6,5,29.7,29.4,29.2,0.00,2020-02-13
13,48.6,46,43,42.2,41,87,78.1,62,14,8.9,5,29.9,29.8,29.6,0.00,2020-02-14
14,49.5,43,46,42.9,39,93,78.7,67,20,11.5,5,29.9,29.8,29.6,0.00,2020-02-15
15,57.2,48,52,47.1,45,93,69.2,59,29,21.6,12,29.6,29.5,29.4,0.00,2020-02-16
16,48.1,43,46,41.7,37,93,79.0,54,25,13.2,0,29.9,29.7,29.6,0.00,2020-02-17
17,44.9,39,41,37.8,36,93,76.8,58,21,12.8,8,30.0,30.0,29.8,0.00,2020-02-18
18,45.0,41,45,40.7,37,93,84.8,62,18,10.8,6,29.9,29.9,29.8,0.00,2020-02-19
19,47.1,41,46,42.4,37,93,83.4,71,21,12.2,7,29.9,29.8,29.7,0.00,2020-02-20
20,42.9,36,39,36.0,34,93,77.5,54,15,8.6,3,30.1,30.1,29.9,0.00,2020-02-21
21,47.7,39,46,41.0,36,87,77.6,67,17,12.4,6,30.1,30.0,29.9,0.00,2020-02-22
22,51.9,48,52,48.4,46,100,88.5,82,22,16.2,9,30.0,29.9,29.9,0.00,2020-02-23
23,52.4,50,52,48.0,45,100,86.4,72,23,15.7,9,29.9,29.8,29.6,0.00,2020-02-24
24,46.7,41,48,40.9,34,100,81.0,62,23,15.1,6,29.6,29.4,29.3,0.00,2020-02-25
25,40.0,37,37,34.2,32,93,79.1,61,22,15.4,7,29.6,29.4,29.3,0.00,2020-02-26
26,41.7,37,48,36.4,32,100,81.9,66,33,15.5,0,29.7,29.3,28.9,0.00,2020-02-27
27,42.2,34,48,37.5,32,94,84.3,66,21,11.9,3,29.8,29.6,29.4,0.00,2020-02-28
28,48.9,43,48,41.9,36,88,77.4,58,33,18.7,13,29.4,29.1,28.9,0.00,2020-02-29
0,43.4,36,45,39.3,34,100,86.2,76,28,14.0,6,29.2,29.1,28.9,0.00,2020-03-01
1,43.6,39,45,40.0,34,100,87.2,70,22,12.3,7,29.3,29.0,28.8,0.00,2020-03-02
2,40.6,36,39,35.3,34,93,81.3,57,15,8.2,2,29.6,29.4,29.3,0.00,2020-03-03
3,41.6,37,45,38.8,34,100,89.5,76,13,8.3,2,29.6,29.5,29.3,0.00,2020-03-04
4,48.2,43,50,45.8,41,100,91.8,81,28,12.3,3,29.3,29.0,28.7,0.00,2020-03-05
5,44.6,43,39,36.9,32,87,75.2,50,26,12.0,3,29.6,29.3,29.0,0.00,2020-03-06
6,45.6,36,43,37.4,34,100,74.3,58,13,7.7,2,29.8,29.8,29.6,0.00,2020-03-07
7,47.7,45,48,44.2,41,94,86.4,76,21,12.7,5,29.8,29.6,29.5,0.00,2020-03-08
8,46.3,41,43,39.2,37,93,77.8,54,17,10.3,5,29.8,29.7,29.6,0.00,2020-03-09
9,52.7,45,54,49.8,43,100,89.6,82,18,15.1,12,29.7,29.6,29.6,0.00,2020-03-10
10,57.4,54,52,50.4,45,94,78.0,63,20,15.1,9,29.7,29.7,29.6,0.00,2020-03-11
11,51.6,45,50,41.5,32,94,70.4,44,20,13.5,8,29.8,29.7,29.6,0.00,2020-03-12
12,46.0,37,39,34.9,32,87,66.0,47,13,8.1,3,29.9,29.8,29.8,0.00,2020-03-13
13,47.8,43,46,41.8,36,93,80.5,71,14,8.0,3,29.8,29.8,29.7,0.00,2020-03-14
14,51.8,45,48,43.4,39,100,74.5,45,15,7.8,1,29.7,29.6,29.5,0.00,2020-03-15
15,48.8,45,46,44.0,41,93,82.7,76,10,5.4,0,30.0,29.8,29.6,0.00,2020-03-16
16,53.0,48,48,45.6,43,88,76.8,59,7,2.8,1,30.1,30.1,30.0,0.00,2020-03-17
17,55.7,50,52,47.5,45,94,76.1,49,6,2.5,0,30.1,30.0,29.9,0.00,2020-03-18
18,56.6,45,50,46.3,43,100,70.6,46,8,3.2,0,29.9,29.9,29.8,0.00,2020-03-19
19,54.9,48,50,46.7,43,88,74.8,59,18,11.2,3,29.8,29.8,29.8,0.00,2020-03-20
20,45.6,43,41,39.1,36,93,78.4,66,20,15.4,12,29.8,29.8,29.8,0.00,2020-03-21
21,46.1,41,36,32.0,23,71,58.9,37,20,16.3,13,29.9,29.8,29.8,0.00,2020-03-22
22,43.6,36,28,23.8,19,60,46.3,35,18,12.4,7,29.9,29.9,29.9,0.00,2020-03-23
23,44.0,32,25,19.2,16,60,39.2,23,14,9.4,2,30.0,29.9,29.9,0.00,2020-03-24
24,44.8,36,28,21.1,18,52,40.3,24,17,10.1,2,29.9,29.8,29.7,0.00,2020-03-25
25,44.1,37,25,20.9,18,49,40.2,32,18,12.2,6,29.7,29.7,29.7,0.00,2020-03-26
26,46.1,37,36,30.3,23,65,53.7,44,13,7.9,5,29.7,29.7,29.7,0.00,2020-03-27
27,49.8,39,45,38.5,34,87,66.4,48,23,10.0,3,29.9,29.8,29.7,0.00,2020-03-28
28,43.6,39,37,26.8,19,76,53.5,32,26,21.6,16,30.0,30.0,29.9,0.00,2020-03-29
29,40.6,32,28,19.1,14,57,43.4,25,25,20.1,15,30.1,30.0,29.9,0.00,2020-03-30
30,44.6,36,36,32.0,27,93,63.7,38,18,13.9,9,30.0,29.9,29.9,0.00,2020-03-31
0,45.5,36,28,25.9,21,65,47.7,30,13,8.2,0,29.9,29.8,29.7,0.00,2020-04-01
1,44.6,34,37,31.0,25,87,60.5,41,12,8.2,5,29.7,29.7,29.6,0.00,2020-04-02
2,50.3,43,45,40.2,36,87,70.2,48,9,4.8,1,29.8,29.7,29.7,0.00,2020-04-03
3,52.4,39,43,37.2,34,93,60.3,34,14,5.4,0,29.8,29.8,29.8,0.00,2020-04-04
4,57.6,43,41,35.4,28,76,47.1,20,13,5.6,0,29.8,29.7,29.6,0.00,2020-04-05
5,54.5,50,52,42.1,32,94,66.2,36,15,7.0,0,29.9,29.8,29.6,0.00,2020-04-06
6,60.9,52,54,48.8,41,100,69.2,33,13,6.6,0,30.0,30.0,29.9,0.00,2020-04-07
7,61.9,46,50,44.0,39,87,54.0,33,9,2.8,0,29.9,29.9,29.8,0.00,2020-04-08
8,62.7,45,46,42.8,37,93,53.9,24,10,3.7,0,29.9,29.9,29.8,0.00,2020-04-09
9,64.8,48,50,42.4,39,82,47.7,26,12,4.8,0,29.9,29.9,29.8,0.00,2020-04-10
10,65.1,54,52,45.9,41,72,52.0,29,6,3.2,0,29.8,29.8,29.8,0.00,2020-04-11
11,64.5,52,48,44.1,39,82,49.4,26,17,5.3,0,29.8,29.6,29.5,0.00,2020-04-12
12,57.2,48,50,42.5,30,77,58.5,44,23,14.3,2,29.8,29.7,29.6,0.00,2020-04-13
13,47.3,37,32,29.2,27,70,51.2,38,18,14.5,8,29.9,29.9,29.9,0.00,2020-04-14
14,53.3,39,34,31.3,28,70,45.6,28,14,9.4,1,29.9,29.8,29.7,0.00,2020-04-15
15,61.2,48,52,44.8,34,76,55.9,41,10,4.5,0,29.7,29.6,29.6,0.00,2020-04-16
16,64.0,54,54,50.3,46,82,63.3,36,12,4.8,0,29.6,29.6,29.6,0.00,2020-04-17
17,64.7,57,55,51.7,48,88,64.3,38,13,7.8,1,29.7,29.6,29.6,0.00,2020-04-18
18,60.1,55,54,50.9,48,94,72.7,49,15,11.0,2,29.7,29.6,29.6,0.00,2020-04-19
19,60.9,52,50,45.8,37,88,60.8,39,17,12.4,8,29.6,29.5,29.4,0.00,2020-04-20
20,59.6,50,45,39.6,36,58,47.8,40,14,10.4,6,29.6,29.5,29.5,0.00,2020-04-21
21,62.5,52,45,40.9,36,63,46.0,35,13,7.8,0,29.7,29.6,29.6,0.00,2020-04-22
22,65.3,50,45,42.1,37,76,46.2,23,7,3.0,0,29.7,29.7,29.6,0.00,2020-04-23
23,64.6,52,54,47.8,39,82,55.5,40,10,5.4,0,29.7,29.6,29.5,0.00,2020-04-24
24,61.2,54,45,41.7,37,63,49.3,33,10,8.2,3,29.6,29.5,29.5,0.00,2020-04-25
25,58.4,45,43,37.2,28,81,49.8,21,9,5.4,0,29.6,29.5,29.5,0.00,2020-04-26
26,61.0,46,55,46.2,37,88,60.3,36,14,5.5,0,29.5,29.4,29.3,0.00,2020-04-27
27,59.2,55,55,49.8,43,94,72.8,46,20,11.1,2,29.4,29.3,29.3,0.00,2020-04-28
28,54.8,50,54,48.4,45,94,80.5,55,18,10.6,2,29.5,29.4,29.3,0.00,2020-04-29
29,52.1,48,50,45.9,43,94,80.3,59,24,13.0,2,29.3,29.3,29.2,0.00,2020-04-30
0,54.2,46,50,45.6,39,94,75.1,45,18,12.8,6,29.5,29.3,29.3,0.00,2020-05-01
1,54.2,43,45,40.9,37,87,62.7,39,13,7.4,2,29.7,29.6,29.5,0.00,2020-05-02
2,56.7,50,59,49.5,39,94,77.5,62,10,4.3,0,29.7,29.7,29.6,0.00,2020-05-03
3,59.3,52,55,52.6,50,100,79.5,59,15,6.6,2,29.7,29.7,29.6,0.00,2020-05-04
4,55.2,52,50,46.8,45,88,74.3,63,17,10.1,2,29.8,29.6,29.6,0.00,2020-05-05
5,60.7,54,48,41.6,32,77,52.0,30,10,7.1,2,29.9,29.8,29.8,0.00,2020-05-06
6,60.1,43,43,38.6,36,87,48.3,28,8,3.6,0,29.9,29.8,29.8,0.00,2020-05-07
7,63.6,46,52,45.5,41,82,53.9,34,9,3.6,0,29.8,29.7,29.6,0.00,2020-05-08
8,65.8,61,61,58.4,54,94,77.7,57,14,4.6,0,29.6,29.5,29.4,0.00,2020-05-09
9,63.6,57,63,59.2,55,100,86.9,57,17,6.4,0,29.4,29.3,29.3,0.00,2020-05-10
10,50.1,43,55,38.0,32,94,66.3,38,26,21.3,15,29.7,29.4,29.3,0.00,2020-05-11
11,49.6,41,36,32.5,30,70,52.4,38,18,12.4,8,29.8,29.7,29.6,0.00,2020-05-12
12,52.1,43,39,35.4,34,70,53.8,39,21,14.7,7,29.6,29.5,29.5,0.00,2020-05-13
13,51.1,41,37,34.1,32,70,53.6,38,21,15.3,9,29.7,29.6,29.6,0.00,2020-05-14
14,54.0,43,37,35.3,30,71,50.7,36,17,12.6,6,29.8,29.8,29.7,0.00,2020-05-15
15,57.3,45,43,38.9,36,76,51.9,37,13,7.5,2,29.9,29.9,29.8,0.00,2020-05-16
16,58.9,45,45,41.3,37,81,53.7,35,9,5.9,2,29.9,29.9,29.9,0.00,2020-05-17
17,58.5,0,48,42.4,0,87,52.3,0,12,5.4,0,29.9,28.0,0.0,0.00,2020-05-18
18,62.3,0,54,45.2,0,71,52.9,0,10,6.4,0,29.9,29.3,0.0,0.00,2020-05-19
19,69.4,55,57,53.7,50,82,59.5,42,10,6.2,3,29.9,29.8,29.8,0.00,2020-05-20
20,72.8,57,61,56.6,54,88,59.2,39,8,3.4,0,29.8,29.8,29.8,0.00,2020-05-21
21,69.5,63,61,57.3,52,83,66.1,47,16,8.3,2,29.8,29.8,29.7,0.00,2020-05-22
22,61.4,54,57,47.0,39,88,62.0,35,16,9.8,2,30.1,30.0,29.8,0.00,2020-05-23
23,59.9,50,50,46.9,43,87,63.2,46,13,7.5,2,30.2,30.1,30.1,0.00,2020-05-24
24,64.9,52,52,48.8,46,88,57.9,38,12,6.7,0,30.2,30.2,30.1,0.00,2020-05-25
25,67.7,55,52,48.2,45,77,51.7,34,15,9.4,2,30.2,30.2,30.1,0.00,2020-05-26
26,69.3,57,52,49.2,46,72,49.9,38,15,8.8,5,30.2,30.1,30.1,0.00,2020-05-27
27,66.4,55,52,45.6,37,68,48.4,27,15,11.1,8,30.1,30.0,29.9,0.00,2020-05-28
28,66.8,55,43,39.8,37,54,38.3,25,16,11.5,5,29.9,29.9,29.8,0.00,2020-05-29
29,67.7,57,45,44.0,43,63,43.1,29,14,7.7,1,29.8,29.8,29.7,0.00,2020-05-30
30,66.3,55,43,42.2,39,59,42.3,31,17,9.9,3,29.8,29.7,29.7,0.00,2020-05-31
0,68.8,57,50,45.9,43,63,45.3,30,15,8.4,0,29.8,29.7,29.7,0.00,2020-06-01
1,72.7,57,54,49.1,45,82,47.3,25,12,4.9,1,29.7,29.6,29.6,0.00,2020-06-02
2,70.7,59,57,52.5,50,88,54.3,34,22,7.4,3,29.6,29.4,29.2,0.00,2020-06-03
3,57.4,54,57,52.4,48,100,83.8,63,15,7.8,0,29.3,29.2,29.2,0.00,2020-06-04
4,56.4,52,54,48.3,46,88,75.8,56,21,12.9,7,29.3,29.2,29.2,0.00,2020-06-05
5,57.8,50,52,43.9,36,94,64.1,37,17,12.2,5,29.4,29.3,29.3,0.00,2020-06-06
6,57.5,48,52,45.4,37,82,65.5,46,12,6.1,2,29.6,29.5,29.4,0.00,2020-06-07
7,59.0,52,52,48.9,46,88,70.1,56,16,9.5,3,29.7,29.6,29.6,0.00,2020-06-08
8,58.0,54,48,46.3,45,82,67.3,49,13,9.0,5,29.8,29.7,29.7,0.00,2020-06-09
9,59.3,48,50,46.5,43,87,64.9,40,15,5.7,2,29.8,29.6,29.6,0.00,2020-06-10
10,62.4,54,57,51.4,48,94,70.5,41,15,6.4,0,29.6,29.4,29.3,0.00,2020-06-11
11,61.6,57,57,55.5,54,100,82.0,60,16,9.3,3,29.4,29.3,29.2,0.00,2020-06-12
12,64.2,54,57,53.2,50,100,69.9,44,16,7.9,2,29.6,29.5,29.4,0.00,2020-06-13
13,63.4,55,57,54.1,54,94,72.1,53,12,7.5,5,29.7,29.7,29.6,0.00,2020-06-14
14,63.0,55,59,55.4,52,100,78.0,50,14,8.2,2,29.8,29.7,29.7,0.00,2020-06-15
15,63.1,55,59,55.0,52,100,77.2,53,13,7.2,3,29.7,29.6,29.6,0.00,2020-06-16
16,62.4,55,57,54.3,50,94,75.8,53,9,5.2,0,29.6,29.6,29.5,0.00,2020-06-17
17,62.6,55,57,54.0,52,88,74.0,56,15,8.8,3,29.6,29.6,29.5,0.00,2020-06-18
18,62.0,54,59,54.0,52,94,75.4,56,13,7.1,2,29.8,29.7,29.6,0.00,2020-06-19
19,67.2,59,57,53.7,50,88,63.6,44,10,4.6,0,29.8,29.8,29.8,0.00,2020-06-20
20,64.0,57,63,56.4,52,94,76.8,64,15,8.8,0,29.9,29.8,29.8,0.00,2020-06-21
21,64.3,52,55,52.5,50,100,68.3,41,9,4.8,0,30.0,29.9,29.9,0.00,2020-06-22
22,71.9,55,55,53.2,50,88,55.0,32,13,6.1,0,29.9,29.9,29.8,0.00,2020-06-23
23,78.6,66,59,54.3,52,60,44.4,27,14,8.2,1,29.8,29.7,29.7,0.00,2020-06-24
24,80.7,68,68,57.5,50,74,45.5,32,9,6.2,1,29.7,29.6,29.5,0.00,2020-06-25
25,77.5,68,68,62.7,59,94,61.9,40,15,8.0,0,29.6,29.5,29.5,0.00,2020-06-26
26,69.1,64,64,60.5,57,88,74.5,60,21,12.0,7,29.6,29.5,29.5,0.00,2020-06-27
27,66.2,61,57,52.9,48,77,63.1,41,17,12.1,8,29.7,29.6,29.6,0.00,2020-06-28
28,65.4,59,55,47.9,43,82,55.3,35,16,11.0,6,29.7,29.6,29.6,0.00,2020-06-29
29,66.5,61,59,53.5,46,72,63.5,55,17,11.2,3,29.6,29.6,29.5,0.00,2020-06-30
0,69.2,64,64,60.5,55,88,74.3,54,16,10.7,6,29.5,29.5,29.5,0.00,2020-07-01
1,65.6,59,55,52.4,48,88,63.5,44,18,10.4,5,29.7,29.6,29.5,0.00,2020-07-02
2,64.2,54,54,50.2,48,88,62.6,41,13,7.6,2,29.8,29.8,29.7,0.00,2020-07-03
3,66.4,57,61,55.1,48,82,67.4,57,21,12.6,5,29.8,29.8,29.7,0.00,2020-07-04
4,69.4,64,64,61.6,57,94,76.1,57,17,13.9,8,29.7,29.7,29.7,0.00,2020-07-05
5,63.4,52,55,46.6,43,88,56.9,35,16,11.1,6,29.9,29.8,29.7,0.00,2020-07-06
6,65.5,50,52,46.1,43,82,53.2,31,10,5.6,2,29.9,29.8,29.8,0.00,2020-07-07
7,70.5,55,61,54.0,48,82,57.5,42,14,8.8,2,29.8,29.7,29.7,0.00,2020-07-08
8,75.9,59,61,56.8,52,94,56.9,27,18,8.6,0,29.7,29.6,29.6,0.00,2020-07-09
9,67.7,61,59,53.0,43,83,61.4,38,15,11.2,6,29.8,29.7,29.6,0.00,2020-07-10
10,65.0,54,52,45.1,41,82,51.4,29,14,7.5,0,29.9,29.9,29.8,0.00,2020-07-11
11,67.8,55,50,46.3,43,77,48.4,29,14,9.4,6,30.0,29.9,29.9,0.00,2020-07-12
12,71.3,59,52,45.7,39,67,42.5,23,14,8.4,5,29.9,29.9,29.8,0.00,2020-07-13
13,67.7,59,57,50.6,45,68,55.1,43,13,7.7,2,29.8,29.7,29.6,0.00,2020-07-14
14,67.2,63,57,53.1,50,82,61.2,46,12,7.2,2,29.8,29.6,29.6,0.00,2020-07-15
15,65.4,61,57,55.3,54,88,70.8,60,12,8.4,5,29.8,29.8,29.8,0.00,2020-07-16
16,70.2,61,55,54.7,54,82,59.9,39,10,4.7,2,29.8,29.8,29.8,0.00,2020-07-17
17,73.2,59,59,54.2,48,88,55.1,27,8,5.5,2,29.8,29.8,29.7,0.00,2020-07-18
18,75.6,59,57,52.5,48,77,47.8,27,14,5.2,0,29.7,29.7,29.6,0.00,2020-07-19
19,70.1,63,59,53.5,43,83,58.5,34,15,11.6,8,29.8,29.7,29.7,0.00,2020-07-20
20,68.7,57,48,44.2,37,72,44.6,23,16,11.5,9,29.9,29.9,29.8,0.00,2020-07-21
21,68.6,57,48,44.9,37,67,45.1,24,14,9.5,6,29.9,29.8,29.8,0.00,2020-07-22
22,72.5,57,50,45.3,41,67,40.0,22,9,4.8,2,29.8,29.7,29.6,0.00,2020-07-23
23,70.5,64,57,53.1,46,73,54.6,44,12,7.8,3,29.6,29.6,29.6,0.00,2020-07-24
24,71.0,61,61,56.0,54,82,60.9,39,16,9.0,2,29.6,29.6,29.5,0.00,2020-07-25
25,69.8,61,61,55.3,48,94,63.6,36,14,9.4,1,29.7,29.6,29.5,0.00,2020-07-26
26,74.9,59,59,50.5,37,82,47.9,17,22,11.2,0,29.7,29.6,29.5,0.00,2020-07-27
27,70.6,64,61,52.6,48,78,54.8,36,15,11.5,9,29.8,29.6,29.5,0.00,2020-07-28
28,68.7,55,54,47.4,45,82,49.8,28,10,4.5,2,29.8,29.8,29.8,0.00,2020-07-29
29,76.4,57,52,46.8,41,72,39.9,17,9,5.9,2,29.8,29.7,29.6,0.00,2020-07-30
30,83.6,68,63,53.7,43,51,36.1,24,21,5.6,0,29.6,29.6,29.6,0.00,2020-07-31
0,75.7,68,63,61.5,55,83,61.9,45,13,8.0,3,29.7,29.7,29.6,0.00,2020-08-01
1,69.5,63,57,51.2,45,73,53.7,34,13,9.5,6,29.8,29.7,29.7,0.00,2020-08-02
2,65.1,57,54,48.5,45,77,56.5,36,16,8.6,2,29.7,29.6,29.6,0.00,2020-08-03
3,67.4,55,54,47.8,43,82,53.1,28,8,4.9,2,29.8,29.7,29.7,0.00,2020-08-04
4,72.9,55,50,45.3,41,72,41.7,19,10,5.3,0,29.7,29.7,29.6,0.00,2020-08-05
5,78.8,61,54,48.5,46,68,38.2,19,7,3.4,0,29.7,29.7,29.7,0.00,2020-08-06
6,83.8,64,57,52.6,48,64,36.3,18,9,4.3,0,29.8,29.7,29.7,0.00,2020-08-07
7,85.3,68,61,54.6,46,68,38.8,18,10,4.1,0,29.7,29.7,29.7,0.00,2020-08-08
8,87.7,75,64,58.7,55,61,39.6,24,22,6.8,0,29.7,29.6,29.5,0.00,2020-08-09
9,83.3,72,63,60.5,57,73,47.9,30,12,5.0,0,29.7,29.6,29.5,0.00,2020-08-10
10,80.6,70,70,64.1,61,83,59.7,30,22,4.2,0,29.6,29.6,29.6,0.00,2020-08-11
11,79.2,72,73,65.5,61,94,65.5,32,18,5.0,1,29.6,29.6,29.5,0.00,2020-08-12
12,73.2,68,70,65.0,61,94,76.8,51,18,8.5,1,29.6,29.6,29.5,0.00,2020-08-13
13,70.7,66,68,64.2,61,100,81.6,54,12,8.0,2,29.6,29.6,29.6,0.00,2020-08-14
14,72.8,64,64,61.9,57,94,71.4,45,8,4.2,2,29.7,29.6,29.6,0.00,2020-08-15
15,71.9,63,64,61.1,55,94,70.7,44,13,6.3,2,29.6,29.5,29.5,0.00,2020-08-16
16,67.7,61,64,58.5,55,94,73.6,53,20,8.1,3,29.6,29.5,29.5,0.00,2020-08-17
17,70.7,61,59,56.5,54,88,63.6,39,12,5.8,1,29.6,29.5,29.5,0.00,2020-08-18
18,70.7,63,66,62.1,59,94,74.2,57,15,7.4,2,29.5,29.4,29.3,0.00,2020-08-19
19,78.3,68,66,63.5,59,94,63.6,40,14,6.5,2,29.4,29.4,29.3,0.00,2020-08-20
20,76.4,70,64,59.3,52,83,57.1,37,20,11.2,5,29.6,29.5,29.4,0.00,2020-08-21
21,70.3,61,59,55.3,52,88,60.6,42,18,11.8,6,29.8,29.7,29.6,0.00,2020-08-22
22,66.7,59,57,52.8,48,88,62.8,41,14,9.6,5,29.8,29.8,29.8,0.00,2020-08-23
23,64.0,55,54,51.5,48,82,64.6,50,12,5.6,0,29.8,29.8,29.7,0.00,2020-08-24
24,69.4,59,61,55.7,52,88,64.3,35,24,12.2,1,29.7,29.5,29.4,0.00,2020-08-25
25,67.4,61,57,53.0,50,82,61.7,39,17,13.0,6,29.8,29.7,29.5,0.00,2020-08-26
26,66.5,55,63,54.6,48,94,67.8,36,20,8.0,0,29.8,29.6,29.4,0.00,2020-08-27
27,64.0,57,59,54.0,48,88,71.7,41,24,10.4,3,29.4,29.3,29.3,0.00,2020-08-28
28,59.1,54,57,52.9,50,94,80.0,59,18,9.8,5,29.5,29.4,29.3,0.00,2020-08-29
29,61.2,54,57,54.2,50,94,79.1,53,17,10.4,5,29.7,29.5,29.5,0.00,2020-08-30
30,62.2,54,54,48.2,43,94,62.4,40,10,6.7,3,29.8,29.8,29.7,0.00,2020-08-31
0,61.5,52,52,47.6,43,94,63.4,38,12,5.4,0,29.8,29.7,29.7,0.00,2020-09-01
1,62.6,52,50,45.9,43,82,56.8,35,8,4.6,0,29.8,29.8,29.7,0.00,2020-09-02
2,71.0,61,55,51.3,46,72,51.1,34,13,6.5,1,29.8,29.8,29.8,0.00,2020-09-03
3,73.3,63,63,54.1,46,78,54.9,25,12,6.4,2,29.9,29.8,29.8,0.00,2020-09-04
4,64.5,59,61,51.1,45,83,63.7,40,14,9.1,3,29.8,29.8,29.8,0.00,2020-09-05
5,59.1,50,52,47.3,45,82,66.3,46,12,4.9,0,29.9,29.8,29.8,0.00,2020-09-06
6,62.6,50,54,47.8,43,94,62.2,33,8,4.3,2,29.9,29.9,29.9,0.00,2020-09-07
7,66.7,54,59,54.0,48,88,65.2,47,8,4.0,1,30.0,30.0,29.9,0.00,2020-09-08
8,72.5,63,63,57.7,43,94,62.7,26,12,6.4,2,29.9,29.9,29.8,0.00,2020-09-09
9,70.1,61,63,59.2,57,94,70.0,47,10,6.1,3,29.9,29.8,29.7,0.00,2020-09-10
10,70.0,61,59,55.6,54,77,61.7,45,8,4.2,0,29.7,29.7,29.7,0.00,2020-09-11
11,65.1,55,55,52.0,50,88,63.9,41,10,5.9,0,29.9,29.8,29.7,0.00,2020-09-12
12,67.1,52,54,49.8,45,94,58.7,28,6,2.6,0,30.0,29.9,29.9,0.00,2020-09-13
13,72.5,55,57,51.5,46,77,51.4,23,10,2.5,0,29.9,29.8,29.7,0.00,2020-09-14
14,77.1,61,57,53.3,50,77,46.4,24,8,3.6,0,29.8,29.7,29.7,0.00,2020-09-15
15,76.1,63,63,59.0,54,83,57.5,35,12,5.6,0,29.8,29.8,29.7,0.00,2020-09-16
16,70.7,63,59,52.1,41,88,54.4,31,17,14.6,12,29.9,29.8,29.8,0.00,2020-09-17
17,70.2,57,57,51.1,43,63,51.5,42,15,10.2,7,29.8,29.7,29.6,0.00,2020-09-18
18,74.0,68,66,59.8,57,94,63.1,42,14,7.1,2,29.6,29.6,29.5,0.00,2020-09-19
19,71.0,63,64,61.0,52,100,73.0,42,9,3.5,0,29.6,29.6,29.6,0.00,2020-09-20
20,68.6,57,50,46.8,45,72,47.2,30,8,5.8,3,29.7,29.6,29.6,0.00,2020-09-21
21,66.0,52,59,48.6,43,94,57.5,29,13,4.9,2,29.6,29.5,29.4,0.00,2020-09-22
22,64.8,59,61,58.0,54,94,80.5,47,22,9.5,5,29.5,29.4,29.3,0.00,2020-09-23
23,56.6,52,57,51.3,45,100,83.1,64,22,10.3,3,29.4,29.3,29.1,0.00,2020-09-24
24,52.3,50,48,44.1,41,87,74.1,58,24,14.6,6,29.4,29.3,29.1,0.00,2020-09-25
25,52.4,46,48,41.2,36,94,67.7,42,20,14.0,8,29.5,29.4,29.4,0.00,2020-09-26
26,53.6,50,54,50.8,48,94,90.3,88,22,17.6,13,29.5,29.4,29.3,0.00,2020-09-27
27,55.7,54,55,52.1,43,100,88.2,59,14,9.8,3,29.7,29.5,29.5,0.00,2020-09-28
28,59.1,54,61,56.7,50,100,91.8,83,10,5.7,2,29.8,29.7,29.7,0.00,2020-09-29
29,61.6,59,57,55.5,54,94,81.8,64,12,6.6,3,29.7,29.6,29.4,0.00,2020-09-30
0,57.6,52,55,51.8,45,100,82.1,59,16,9.4,5,29.4,29.3,29.1,0.00,2020-10-01
1,54.4,52,55,52.6,48,100,93.8,82,16,8.2,2,29.1,28.8,28.8,0.00,2020-10-02
2,53.1,48,54,49.4,46,100,88.4,72,13,6.6,1,28.9,28.8,28.8,0.00,2020-10-03
3,52.5,48,50,47.3,45,94,83.8,67,20,13.8,5,29.1,29.0,28.8,0.00,2020-10-04
4,53.6,50,54,51.2,48,100,91.2,82,17,14.0,10,29.4,29.2,29.1,0.00,2020-10-05
5,55.9,54,54,50.2,46,100,81.8,63,21,14.2,8,29.5,29.4,29.3,0.00,2020-10-06
6,56.8,52,54,50.0,45,100,79.7,49,16,11.2,3,29.8,29.6,29.5,0.00,2020-10-07
7,60.9,57,57,54.3,52,94,79.2,68,17,11.9,6,29.8,29.8,29.7,0.00,2020-10-08
8,58.4,54,57,52.8,48,100,82.3,63,13,7.8,3,29.8,29.8,29.8,0.00,2020-10-09
9,52.8,48,48,43.7,37,94,73.7,45,15,8.6,5,29.9,29.9,29.8,0.00,2020-10-10
10,51.8,46,48,45.1,41,94,78.7,55,14,7.9,2,29.9,29.9,29.8,0.00,2020-10-11
11,49.9,43,48,44.0,41,100,80.6,59,9,6.0,3,29.9,29.8,29.7,0.00,2020-10-12
12,50.7,46,50,46.8,45,100,87.3,67,12,7.7,3,29.7,29.5,29.4,0.00,2020-10-13
13,50.1,45,46,44.4,41,100,81.7,51,18,10.7,0,29.7,29.6,29.5,0.00,2020-10-14
14,49.9,46,45,42.4,39,87,75.6,58,15,11.2,7,29.8,29.7,29.7,0.00,2020-10-15
15,50.9,48,45,42.4,39,87,72.8,58,12,8.4,5,29.8,29.8,29.8,0.00,2020-10-16
16,50.0,43,46,43.7,39,93,79.4,63,8,4.1,0,29.8,29.8,29.8,0.00,2020-10-17
17,47.9,39,45,42.1,39,100,81.7,55,7,3.3,0,29.9,29.9,29.8,0.00,2020-10-18
18,48.4,39,45,41.5,39,100,79.3,48,13,4.8,0,29.9,29.8,29.5,0.00,2020-10-19
19,54.1,48,55,50.6,43,100,88.2,76,13,7.5,3,29.5,29.4,29.4,0.00,2020-10-20
20,62.3,55,57,54.6,52,94,76.6,60,24,12.2,3,29.5,29.3,29.2,0.00,2020-10-21
21,61.2,57,59,56.7,54,100,85.7,68,13,6.6,0,29.6,29.5,29.5,0.00,2020-10-22
22,60.2,55,59,54.8,50,100,83.9,56,14,6.8,2,29.6,29.6,29.5,0.00,2020-10-23
23,56.6,52,57,53.0,48,94,87.5,82,18,13.4,6,29.7,29.6,29.4,0.00,2020-10-24
24,53.5,48,52,50.2,46,94,89.4,72,18,10.1,2,29.4,29.3,29.3,0.00,2020-10-25
25,50.3,45,46,44.9,43,100,81.8,59,20,10.7,6,29.4,29.3,29.3,0.00,2020-10-26
26,50.0,46,55,48.4,43,100,93.1,87,17,11.6,6,29.5,29.4,29.3,0.00,2020-10-27
27,54.5,50,54,49.7,46,94,84.2,72,20,12.3,5,29.6,29.5,29.4,0.00,2020-10-28
28,54.9,50,55,50.9,48,94,86.5,77,18,10.2,6,29.8,29.8,29.6,0.00,2020-10-29
29,57.5,55,55,53.9,52,100,86.5,77,12,7.9,2,29.9,29.9,29.8,0.00,2020-10-30
30,57.3,48,57,51.6,46,94,81.8,68,18,8.5,2,29.9,29.8,29.7,0.00,2020-10-31
0,61.0,55,61,57.5,50,100,88.1,77,22,13.4,6,29.7,29.6,29.6,0.00,2020-11-01
1,61.5,50,61,56.1,43,94,82.1,71,21,13.9,5,29.8,29.6,29.6,0.00,2020-11-02
2,48.0,43,46,41.6,37,93,79.5,54,15,7.0,0,30.0,29.9,29.8,0.00,2020-11-03
3,44.6,34,41,38.6,32,100,80.3,62,10,5.7,0,30.3,30.1,30.0,0.00,2020-11-04
4,45.6,39,41,38.1,37,93,76.9,58,16,10.2,6,30.3,30.2,30.2,0.00,2020-11-05
5,46.0,39,45,40.3,36,93,80.2,63,15,7.6,2,30.2,30.0,29.8,0.00,2020-11-06
6,52.2,43,52,48.5,41,100,87.4,68,7,2.7,0,29.8,29.8,29.8,0.00,2020-11-07
7,53.5,52,50,49.0,48,94,85.8,82,3,2.1,0,29.8,29.8,29.8,0.00,2020-11-08
8,55.7,48,54,51.6,46,100,86.3,68,8,2.7,0,29.9,29.8,29.8,0.00,2020-11-09
9,55.3,54,54,52.9,52,100,91.3,77,7,3.7,0,30.0,29.9,29.9,0.00,2020-11-10
10,51.3,48,52,50.1,48,100,96.4,88,9,4.8,0,30.0,29.9,29.7,0.00,2020-11-11
11,52.1,45,50,46.0,43,94,80.8,59,12,7.3,2,29.8,29.8,29.7,0.00,2020-11-12
12,53.4,45,54,49.3,43,100,86.3,72,12,6.5,0,29.8,29.7,29.7,0.00,2020-11-13
13,56.5,50,50,48.8,48,94,77.2,59,15,8.7,2,29.8,29.6,29.6,0.00,2020-11-14
14,55.6,50,55,49.0,43,94,78.4,71,21,14.6,10,29.6,29.4,29.3,0.00,2020-11-15
15,52.1,50,48,45.4,43,88,78.4,72,16,10.8,5,29.9,29.8,29.5,0.00,2020-11-16
16,51.7,46,48,46.5,45,94,83.7,72,9,6.5,1,30.0,30.0,29.9,0.00,2020-11-17
17,51.1,41,52,45.4,41,100,82.1,59,12,6.0,0,29.9,29.9,29.8,0.00,2020-11-18
18,49.5,45,55,43.9,41,94,81.1,62,20,11.0,3,30.2,30.0,29.8,0.00,2020-11-19
19,43.8,39,45,39.2,36,100,85.0,62,9,3.7,0,30.3,30.2,30.2,0.00,2020-11-20
20,43.4,37,41,37.7,36,93,81.2,62,9,5.5,1,30.2,30.2,30.1,0.00,2020-11-21
21,43.7,39,43,39.3,36,93,84.5,71,6,3.0,0,30.1,30.0,30.0,0.00,2020-11-22
22,47.9,45,50,45.8,43,100,91.5,77,8,3.2,0,30.1,30.0,30.0,0.00,2020-11-23
23,43.8,39,45,40.3,36,100,88.4,66,9,3.9,0,30.0,29.8,29.7,0.00,2020-11-24
24,45.0,37,46,40.5,36,100,84.2,67,9,3.9,0,29.8,29.7,29.6,0.00,2020-11-25
25,42.7,34,43,39.5,34,100,89.6,67,3,1.4,0,29.8,29.8,29.8,0.00,2020-11-26
26,46.0,43,46,43.0,41,100,89.4,76,7,3.3,0,29.8,29.7,29.6,0.00,2020-11-27
27,43.4,36,41,39.0,36,100,85.9,67,12,5.2,0,29.8,29.7,29.6,0.00,2020-11-28
28,38.2,36,36,34.4,30,87,85.4,76,12,7.5,0,30.0,29.9,29.8,0.00,2020-11-29
29,37.0,32,37,32.1,30,93,82.8,70,9,4.9,1,30.0,30.0,29.8,0.00,2020-11-30
0,45.1,41,45,39.4,37,100,81.4,71,17,11.6,6,29.8,29.8,29.8,0.00,2020-12-01
1,45.0,43,43,40.4,39,93,84.7,76,13,8.5,3,29.8,29.7,29.6,0.00,2020-12-02
2,43.3,41,45,41.5,37,100,93.7,81,17,11.2,5,29.6,29.1,28.6,0.00,2020-12-03
3,42.3,37,45,36.9,34,93,81.2,66,22,12.5,5,28.9,28.7,28.6,0.00,2020-12-04
4,40.3,37,37,36.0,34,93,83.9,76,14,10.1,7,29.1,29.0,28.9,0.00,2020-12-05
5,40.1,36,37,36.0,34,93,84.6,76,8,5.2,2,29.2,29.1,29.1,0.00,2020-12-06
6,36.8,32,39,35.4,32,100,94.7,87,9,4.6,0,29.2,29.1,29.1,0.00,2020-12-07
7,37.4,34,36,34.1,32,93,88.2,70,12,6.0,0,29.5,29.3,29.1,0.00,2020-12-08
8,34.1,30,37,33.4,30,100,97.3,93,9,5.3,2,29.5,29.5,29.4,0.00,2020-12-09
9,41.0,37,41,37.0,36,100,86.7,71,12,8.3,5,29.4,29.3,29.2,0.00,2020-12-10
10,47.6,43,50,46.2,41,100,94.9,88,13,7.9,3,29.2,28.9,28.8,0.00,2020-12-11
11,46.8,41,46,44.0,37,100,89.4,81,14,8.0,3,29.5,29.2,29.0,0.00,2020-12-12
12,41.7,36,46,40.4,36,100,94.8,87,14,8.7,2,29.6,29.5,29.4,0.00,2020-12-13
13,50.4,46,50,47.4,45,100,90.3,82,10,7.0,3,29.4,29.4,29.4,0.00,2020-12-14
14,49.6,43,50,47.5,43,100,93.3,72,12,6.6,3,29.6,29.5,29.4,0.00,2020-12-15
15,45.5,41,46,43.9,41,100,94.3,76,10,6.5,3,29.6,29.6,29.6,0.00,2020-12-16
16,48.3,45,48,46.3,43,100,93.2,82,10,7.3,3,29.9,29.8,29.6,0.00,2020-12-17
17,45.9,41,45,43.5,41,100,91.5,72,13,6.8,3,29.9,29.8,29.6,0.00,2020-12-18
18,48.0,43,50,45.2,41,100,90.3,82,13,7.6,2,29.7,29.6,29.5,0.00,2020-12-19
19,48.8,46,48,45.0,43,100,86.5,71,13,7.3,3,29.8,29.7,29.7,0.00,2020-12-20
20,49.3,46,55,48.5,45,100,95.5,93,18,11.8,5,29.8,29.7,29.6,0.00,2020-12-21
21,56.8,55,57,54.7,54,100,92.3,88,17,13.5,8,29.7,29.7,29.6,0.00,2020-12-22
22,53.5,48,55,50.6,41,100,89.8,71,21,10.9,2,29.7,29.5,29.5,0.00,2020-12-23
23,43.9,37,46,40.5,34,100,86.7,71,22,13.9,7,29.9,29.6,29.4,0.00,2020-12-24
24,38.9,36,37,35.0,32,93,84.7,76,13,9.9,3,30.0,30.0,29.9,0.00,2020-12-25
25,36.7,32,37,33.4,30,100,87.7,70,17,8.4,2,30.1,29.9,29.6,0.00,2020-12-26
26,42.0,39,41,39.1,37,100,90.3,81,31,18.3,6,29.6,28.9,28.5,0.00,2020-12-27
27,38.4,34,39,36.3,34,100,91.4,76,17,10.6,2,28.6,28.5,28.4,0.00,2020-12-28
28,38.3,36,39,36.9,34,100,94.5,87,13,8.3,5,29.1,28.9,28.6,0.00,2020-12-29
29,39.7,36,39,36.6,34,100,89.3,76,14,9.0,5,29.4,29.3,29.1,0.00,2020-12-30
30,39.2,32,41,36.5,30,100,90.3,76,14,8.5,2,29.4,29.3,29.2,0.00,2020-12-31
0,33.0,28,34,29.8,27,100,88.4,70,7,3.5,0,29.6,29.5,29.4,0.00,2021-01-01
1,33.3,27,34,30.9,25,100,90.7,75,7,3.2,1,29.6,29.6,29.6,0.00,2021-01-02
2,36.4,34,34,33.5,30,100,88.9,75,14,5.2,0,29.6,29.6,29.6,0.00,2021-01-03
3,36.7,36,34,33.4,32,93,87.0,81,13,9.6,8,29.6,29.6,29.6,0.00,2021-01-04
4,36.7,36,34,33.5,32,93,87.6,81,12,9.5,7,29.6,29.6,29.6,0.00,2021-01-05
5,37.3,36,36,34.7,32,93,88.7,81,10,6.1,2,29.7,29.6,29.6,0.00,2021-01-06
6,36.8,34,36,34.1,32,100,89.5,75,8,5.4,2,29.7,29.7,29.7,0.00,2021-01-07
7,35.0,30,34,31.5,28,100,87.5,75,7,3.4,0,29.8,29.7,29.7,0.00,2021-01-08
8,33.5,30,32,29.6,27,100,86.6,70,16,8.7,0,29.9,29.9,29.8,0.00,2021-01-09
9,33.1,28,30,29.0,27,100,86.1,65,12,7.1,0,29.9,29.9,29.9,0.00,2021-01-10
10,39.0,39,36,34.7,34,87,83.0,81,12,11.3,10,29.8,29.8,29.8,0.00,2021-01-11
11,43.8,39,48,41.5,36,100,91.2,81,18,11.4,3,29.8,29.7,29.6,0.00,2021-01-12
12,46.1,43,48,44.0,41,100,92.5,87,17,9.4,0,29.8,29.8,29.8,0.00,2021-01-13
13,48.0,43,48,45.0,39,94,88.2,82,20,14.6,10,29.8,29.7,29.6,0.00,2021-01-14
14,35.6,34,37,29.1,23,93,78.5,65,18,12.2,3,30.1,29.9,29.7,0.00,2021-01-15
15,32.5,30,36,28.1,23,100,84.9,65,16,7.7,1,30.1,29.9,29.7,0.00,2021-01-16
16,40.3,36,39,37.3,34,100,89.7,76,14,6.7,2,30.0,29.9,29.7,0.00,2021-01-17
17,39.6,34,37,35.6,32,100,86.4,71,10,6.8,2,30.0,30.0,29.9,0.00,2021-01-18
18,41.7,39,39,36.7,34,100,83.1,76,20,12.2,5,29.8,29.6,29.4,0.00,2021-01-19
19,49.4,43,41,35.8,32,76,60.8,41,24,12.1,3,29.4,29.2,28.9,0.00,2021-01-20
20,48.1,43,46,43.0,39,93,83.1,58,29,17.1,8,29.1,29.0,28.8,0.00,2021-01-21
21,42.0,37,46,38.2,36,100,87.6,66,20,6.5,0,29.2,29.0,28.9,0.00,2021-01-22
22,38.1,34,39,36.0,32,100,91.5,81,16,9.6,6,29.2,29.1,28.9,0.00,2021-01-23
23,33.5,30,36,31.3,28,100,92.5,81,14,8.0,3,29.3,29.2,29.1,0.00,2021-01-24
24,36.7,32,34,30.5,27,93,79.4,53,15,10.0,3,29.7,29.4,29.1,0.00,2021-01-25
25,34.8,30,32,28.6,27,87,78.7,70,12,7.7,2,29.9,29.8,29.7,0.00,2021-01-26
26,40.7,36,46,39.4,30,100,95.3,75,13,8.7,5,29.7,29.6,29.6,0.00,2021-01-27
27,52.7,46,54,50.0,46,100,91.4,72,18,11.6,6,29.6,29.4,29.3,0.00,2021-01-28
28,50.7,45,52,44.6,39,94,80.1,58,26,15.9,5,29.4,29.3,29.3,0.00,2021-01-29
29,49.5,45,50,46.6,39,100,91.2,72,20,8.7,5,29.4,29.1,29.0,0.00,2021-01-30
30,47.0,45,48,46.6,43,100,98.6,93,10,4.8,0,29.2,29.1,28.8,0.00,2021-01-31
0,47.8,43,48,43.6,37,100,85.8,76,14,8.0,2,29.3,29.1,28.8,0.00,2021-02-01
1,52.1,45,52,47.9,39,100,86.1,72,21,12.4,3,29.3,29.3,29.2,0.00,2021-02-02
2,51.2,45,52,46.7,41,100,85.5,72,28,14.5,7,29.5,29.2,29.1,0.00,2021-02-03
3,46.9,43,45,43.4,39,100,87.5,72,9,4.7,0,29.6,29.5,29.5,0.00,2021-02-04
4,48.5,46,46,45.3,43,100,88.3,71,10,4.8,0,29.6,29.5,29.5,0.00,2021-02-05
5,46.1,45,46,45.2,43,100,95.1,87,9,6.0,0,29.5,29.3,29.1,0.00,2021-02-06
6,37.9,32,45,34.9,27,100,89.1,75,16,9.5,5,29.1,29.1,29.1,0.00,2021-02-07
7,30.7,28,28,26.3,25,93,82.5,75,10,6.8,2,29.2,29.1,29.1,0.00,2021-02-08
8,28.3,27,28,24.4,23,93,84.0,80,16,9.5,1,29.3,29.3,29.2,0.00,2021-02-09
9,26.6,21,28,19.9,14,100,76.2,55,17,14.0,7,29.8,29.4,29.2,0.00,2021-02-10
10,27.1,21,19,17.9,16,86,68.0,51,20,12.5,7,29.9,29.9,29.8,0.00,2021-02-11
11,28.9,25,18,15.6,14,69,57.8,48,18,15.2,12,30.0,29.9,29.9,0.00,2021-02-12
12,26.6,21,14,12.3,10,68,55.9,44,15,10.9,3,30.2,30.1,30.0,0.00,2021-02-13
13,29.0,21,25,17.0,12,70,61.6,52,12,7.7,3,30.2,30.1,30.0,0.00,2021-02-14
14,41.7,34,41,34.7,25,93,76.3,66,15,8.7,5,30.0,29.9,29.9,0.00,2021-02-15
15,47.6,43,46,41.5,36,93,79.8,66,15,10.1,6,29.9,29.7,29.6,0.00,2021-02-16
16,49.0,46,46,44.1,39,93,82.7,67,17,9.6,3,29.8,29.7,29.6,0.00,2021-02-17
17,46.8,43,48,41.7,37,94,82.9,71,16,7.3,2,29.6,29.5,29.4,0.00,2021-02-18
18,48.8,41,48,45.0,41,100,88.0,67,13,6.7,2,29.7,29.6,29.6,0.00,2021-02-19
19,55.7,46,46,43.5,41,82,64.4,43,16,10.2,5,29.6,29.5,29.4,0.00,2021-02-20
20,55.7,46,43,40.8,39,76,58.2,40,13,7.3,1,29.6,29.5,29.5,0.00,2021-02-21
21,54.7,48,46,42.7,39,76,64.5,54,7,2.7,0,29.9,29.7,29.6,0.00,2021-02-22
22,57.7,54,50,47.8,46,82,70.8,56,18,7.8,2,30.1,30.0,29.9,0.00,2021-02-23
23,56.5,48,50,46.5,45,93,71.1,46,14,6.4,0,30.1,30.0,29.9,0.00,2021-02-24
24,54.9,48,48,44.7,41,82,69.4,48,15,6.0,0,30.1,30.0,29.9,0.00,2021-02-25
25,49.1,43,45,39.1,32,87,69.3,47,14,10.2,5,30.3,30.2,30.1,0.00,2021-02-26
26,44.2,39,37,34.3,32,81,68.5,47,18,11.8,6,30.3,30.3,30.2,0.00,2021-02-27
27,44.5,37,36,34.1,30,87,68.5,44,15,11.2,6,30.2,30.1,30.0,0.00,2021-02-28
0,46.6,36,37,33.3,28,81,60.4,44,9,5.5,0,30.1,30.0,30.0,0.00,2021-03-01
1,48.4,34,43,36.6,32,93,66.6,39,5,1.9,0,30.0,30.0,30.0,0.00,2021-03-02
2,53.4,43,48,42.0,39,88,66.9,42,9,3.6,0,30.0,30.0,29.9,0.00,2021-03-03
3,49.0,43,48,44.8,39,100,85.4,67,14,7.1,0,29.9,29.8,29.8,0.00,2021-03-04
4,41.2,37,39,29.4,25,87,63.7,49,16,13.5,12,30.1,30.0,29.9,0.00,2021-03-05
5,39.9,32,25,22.9,19,75,52.6,32,18,11.7,6,30.1,30.0,29.9,0.00,2021-03-06
6,38.5,28,28,24.6,21,80,59.0,39,12,7.3,3,29.9,29.9,29.8,0.00,2021-03-07
7,38.3,30,28,26.7,23,86,64.5,40,14,8.1,3,29.9,29.8,29.8,0.00,2021-03-08
8,43.6,32,36,32.2,28,87,65.7,47,10,5.6,2,29.8,29.8,29.8,0.00,2021-03-09
9,43.3,36,43,34.3,25,93,72.8,37,21,10.9,2,29.8,29.7,29.5,0.00,2021-03-10
10,50.7,45,50,43.7,36,94,77.5,48,28,18.5,13,29.6,29.4,29.3,0.00,2021-03-11
11,45.8,41,43,39.1,37,93,78.7,54,25,14.3,7,29.6,29.5,29.5,0.00,2021-03-12
12,47.0,41,45,38.9,34,93,73.9,47,29,17.9,10,29.5,29.3,29.2,0.00,2021-03-13
13,44.8,37,39,36.4,34,93,73.6,50,23,12.1,5,29.8,29.7,29.5,0.00,2021-03-14
14,47.1,41,45,41.0,37,93,79.7,62,18,12.6,5,29.9,29.8,29.7,0.00,2021-03-15
15,44.7,39,48,42.2,37,100,91.0,76,20,8.1,1,30.0,30.0,29.9,0.00,2021-03-16
16,45.4,43,41,38.0,36,87,76.8,58,22,14.7,9,30.0,30.0,29.9,0.00,2021-03-17
17,43.5,41,41,37.8,36,93,80.7,71,14,8.9,5,30.0,29.9,29.8,0.00,2021-03-18
18,42.6,39,39,32.1,25,93,68.2,43,23,15.3,7,30.0,29.8,29.7,0.00,2021-03-19
19,41.3,34,36,32.1,27,93,71.5,50,14,8.5,2,30.1,30.0,30.0,0.00,2021-03-20
20,44.5,37,43,37.5,34,93,77.3,54,17,9.7,3,30.0,29.9,29.9,0.00,2021-03-21
21,43.0,37,36,32.9,30,81,67.8,57,15,9.2,3,30.0,30.0,29.9,0.00,2021-03-22
22,45.0,32,37,33.9,30,100,67.6,41,7,2.4,0,30.0,29.9,29.9,0.00,2021-03-23
23,50.9,36,41,37.3,32,100,63.4,34,13,5.2,0,29.9,29.9,29.8,0.00,2021-03-24
24,49.6,45,46,41.4,37,93,74.5,54,10,4.6,1,29.9,29.8,29.8,0.00,2021-03-25
25,47.9,39,43,38.3,36,87,71.5,45,20,9.6,0,29.8,29.7,29.6,0.00,2021-03-26
26,47.1,39,39,36.7,34,87,68.9,47,17,10.4,3,30.0,29.9,29.8,0.00,2021-03-27
27,51.9,41,39,36.7,36,81,58.8,37,16,8.0,2,30.1,30.0,30.0,0.00,2021-03-28
28,57.1,41,43,37.1,32,81,51.0,22,8,4.1,0,30.1,30.1,30.0,0.00,2021-03-29
29,60.5,43,48,40.1,36,76,49.0,29,7,2.7,0,30.1,30.0,29.9,0.00,2021-03-30
30,60.9,45,48,42.3,39,93,55.3,26,7,3.1,0,29.9,29.8,29.8,0.00,2021-03-31
0,62.4,48,52,46.1,43,82,58.0,31,16,6.8,0,29.8,29.8,29.7,0.00,2021-04-01
1,50.8,43,50,38.8,32,87,64.8,44,22,16.0,12,29.9,29.9,29.8,0.00,2021-04-02
2,45.9,41,36,32.6,30,76,60.9,44,21,16.4,13,30.0,29.9,29.9,0.00,2021-04-03
3,46.1,37,39,35.5,34,87,67.6,44,14,8.6,2,29.9,29.9,29.8,0.00,2021-04-04
4,40.7,36,43,35.2,21,93,80.7,56,16,9.3,5,29.8,29.7,29.6,0.00,2021-04-05
5,37.2,28,32,23.6,16,87,59.8,39,20,9.9,3,29.8,29.8,29.7,0.00,2021-04-06
6,40.0,28,30,25.8,21,93,61.0,34,15,9.2,2,29.9,29.9,29.8,0.00,2021-04-07
7,46.1,39,34,30.2,27,75,55.5,38,8,3.5,0,29.9,29.9,29.8,0.00,2021-04-08
8,49.3,36,50,36.9,30,93,65.0,36,14,5.5,0,29.8,29.6,29.5,0.00,2021-04-09
9,51.5,46,52,47.9,45,100,87.9,72,16,8.1,2,29.6,29.5,29.4,0.00,2021-04-10
10,43.4,39,46,37.2,28,100,79.8,57,17,11.0,6,29.9,29.6,29.4,0.00,2021-04-11
11,42.9,32,39,31.4,27,93,67.2,38,14,8.3,2,30.1,30.0,29.9,0.00,2021-04-12
12,43.9,36,37,29.9,25,93,61.6,35,15,9.3,6,30.2,30.1,30.1,0.00,2021-04-13
13,44.2,36,32,27.0,23,70,52.1,35,16,9.2,3,30.1,30.1,30.0,0.00,2021-04-14
14,43.2,36,34,30.2,27,87,61.8,40,17,10.3,6,30.1,30.0,30.0,0.00,2021-04-15
15,44.0,36,30,29.0,25,81,57.0,38,16,10.8,5,30.0,30.0,29.9,0.00,2021-04-16
16,48.1,39,37,33.7,30,87,59.1,38,16,11.8,8,29.9,29.9,29.8,0.00,2021-04-17
17,47.8,37,39,35.9,32,87,64.4,48,13,7.2,3,29.9,29.9,29.8,0.00,2021-04-18
18,51.5,39,41,37.2,36,87,61.0,37,7,4.2,0,29.8,29.8,29.7,0.00,2021-04-19
19,54.8,43,41,37.5,36,81,54.4,34,8,3.4,0,29.7,29.7,29.6,0.00,2021-04-20
20,54.6,45,46,41.5,37,81,62.6,42,16,6.4,0,29.8,29.7,29.6,0.00,2021-04-21
21,53.5,43,45,37.0,27,87,57.8,26,15,12.8,8,29.9,29.8,29.8,0.00,2021-04-22
22,55.5,43,37,32.0,28,66,43.6,26,15,10.1,6,29.9,29.9,29.9,0.00,2021-04-23
23,56.5,45,39,34.1,30,66,44.0,26,15,10.0,6,29.9,29.8,29.8,0.00,2021-04-24
24,53.8,45,37,34.6,32,71,49.2,32,21,15.2,9,29.8,29.8,29.8,0.00,2021-04-25
25,53.6,43,36,31.9,25,66,46.0,24,20,14.8,10,29.8,29.6,29.5,0.00,2021-04-26
26,54.9,41,36,29.6,25,76,41.0,21,14,7.2,2,29.5,29.4,29.3,0.00,2021-04-27
27,54.4,41,48,38.4,30,94,58.3,28,15,5.5,0,29.3,29.3,29.2,0.00,2021-04-28
28,49.9,45,48,39.7,36,100,69.7,47,12,7.7,2,29.6,29.4,29.3,0.00,2021-04-29
29,50.9,46,37,34.6,30,71,54.9,38,12,7.0,3,29.6,29.6,29.6,0.00,2021-04-30
0,48.7,46,43,38.5,34,82,68.0,54,13,6.2,0,29.7,29.6,29.6,0.00,2021-05-01
1,48.0,41,43,38.3,34,93,71.4,44,16,6.2,0,29.9,29.8,29.7,0.00,2021-05-02
2,52.0,37,41,35.8,30,100,59.5,30,18,8.6,0,29.9,29.8,29.6,0.00,2021-05-03
3,52.8,48,48,41.7,30,94,66.7,41,21,16.0,9,29.5,29.4,29.4,0.00,2021-05-04
4,47.7,41,41,36.5,30,81,66.3,38,21,10.1,0,29.6,29.5,29.4,0.00,2021-05-05
5,47.1,45,48,43.3,36,94,86.1,71,10,6.0,0,29.6,29.4,29.3,0.00,2021-05-06
6,51.2,39,45,37.1,30,100,63.1,34,10,6.4,2,29.8,29.7,29.5,0.00,2021-05-07
7,59.6,48,54,46.5,37,77,62.9,43,18,9.1,1,29.7,29.6,29.4,0.00,2021-05-08
8,66.3,57,59,52.8,48,82,64.2,34,25,8.4,0,29.4,29.2,29.2,0.00,2021-05-09
9,58.7,54,57,50.5,45,100,76.3,46,18,10.6,2,29.4,29.3,29.1,0.00,2021-05-10
10,53.9,48,52,48.3,43,100,82.6,59,16,6.2,0,29.6,29.5,29.4,0.00,2021-05-11
11,52.9,45,46,44.3,41,93,73.1,55,12,7.2,3,29.6,29.5,29.4,0.00,2021-05-12
12,53.4,46,48,45.9,43,93,76.5,52,13,8.7,5,29.5,29.4,29.4,0.00,2021-05-13
13,51.8,46,50,46.4,45,94,82.2,67,17,8.3,3,29.5,29.4,29.4,0.00,2021-05-14
14,53.1,48,50,48.1,45,100,84.2,59,20,10.4,3,29.5,29.4,29.3,0.00,2021-05-15
15,53.5,48,52,47.8,45,94,82.6,49,22,10.1,3,29.3,29.3,29.3,0.00,2021-05-16
16,53.9,50,54,48.2,45,94,82.4,63,20,11.9,6,29.6,29.4,29.3,0.00,2021-05-17
17,54.8,48,50,45.8,43,87,73.3,52,15,8.7,0,29.7,29.6,29.6,0.00,2021-05-18
18,53.9,50,50,45.4,39,94,74.8,48,17,10.1,2,29.9,29.8,29.7,0.00,2021-05-19
19,54.5,41,46,43.4,39,93,67.7,48,20,9.8,2,29.9,29.8,29.6,0.00,2021-05-20
20,56.8,52,46,43.6,39,82,63.0,40,22,14.5,7,29.6,29.4,29.4,0.00,2021-05-21
21,53.9,50,48,44.0,41,82,69.8,48,23,14.1,7,29.6,29.5,29.4,0.00,2021-05-22
22,55.1,46,46,43.8,41,93,67.3,42,18,11.3,6,29.7,29.6,29.6,0.00,2021-05-23
23,52.6,48,50,44.7,39,94,75.2,58,29,13.5,8,29.6,29.5,29.4,0.00,2021-05-24
24,53.0,45,48,43.5,41,94,71.0,52,23,14.2,6,29.8,29.7,29.6,0.00,2021-05-25
25,53.9,50,50,47.1,43,100,79.7,55,17,11.7,6,29.8,29.7,29.6,0.00,2021-05-26
26,57.9,45,48,45.5,39,100,67.2,40,7,3.2,0,29.8,29.8,29.7,0.00,2021-05-27
27,61.2,50,50,46.8,45,87,62.5,38,14,6.5,0,29.9,29.8,29.8,0.00,2021-05-28
28,63.7,52,50,46.4,43,88,56.0,35,14,8.1,2,29.9,29.9,29.8,0.00,2021-05-29
29,64.5,54,50,46.0,43,72,52.4,38,13,9.4,5,29.9,29.9,29.8,0.00,2021-05-30
30,66.1,55,46,43.8,41,67,45.4,31,16,9.2,3,29.8,29.7,29.7,0.00,2021-05-31
0,69.6,55,57,49.3,41,63,49.1,39,12,6.8,0,29.7,29.6,29.5,0.00,2021-06-01
1,70.6,59,64,59.5,54,82,68.2,51,18,8.6,2,29.7,29.6,29.5,0.00,2021-06-02
2,71.2,64,63,61.0,59,88,71.1,45,10,4.8,1,29.8,29.7,29.7,0.00,2021-06-03
3,65.1,59,64,60.6,57,100,85.3,73,13,8.3,5,29.8,29.8,29.8,0.00,2021-06-04
4,61.3,55,55,54.3,52,94,78.1,60,14,9.4,3,29.9,29.9,29.8,0.00,2021-06-05
5,63.7,52,55,50.6,46,94,64.9,44,9,6.1,2,29.9,29.9,29.8,0.00,2021-06-06
6,66.2,55,55,52.2,48,94,63.1,41,9,5.6,2,29.9,29.9,29.8,0.00,2021-06-07
7,67.5,55,57,53.9,48,94,63.2,42,8,5.1,2,29.9,29.9,29.8,0.00,2021-06-08
8,70.4,55,57,53.8,48,88,57.8,32,8,4.5,1,29.9,29.9,29.8,0.00,2021-06-09
9,72.5,64,61,56.9,52,83,59.9,39,12,5.4,1,29.9,29.8,29.8,0.00,2021-06-10
10,72.0,59,61,58.2,55,94,63.9,45,13,6.5,0,29.8,29.8,29.8,0.00,2021-06-11
11,68.9,61,61,58.3,55,88,69.8,57,12,6.4,1,29.9,29.9,29.8,0.00,2021-06-12
12,69.7,59,55,50.9,46,82,54.0,32,13,8.4,3,30.0,29.9,29.9,0.00,2021-06-13
13,73.3,55,57,49.1,41,82,46.6,20,13,4.9,1,29.9,29.8,29.7,0.00,2021-06-14
14,75.5,63,59,57.6,55,83,56.1,35,8,5.4,2,29.8,29.7,29.7,0.00,2021-06-15
15,78.4,63,64,61.3,57,88,58.3,33,9,4.4,0,29.7,29.6,29.5,0.00,2021-06-16
16,73.9,66,66,64.0,61,94,73.1,51,20,7.5,0,29.6,29.5,29.4,0.00,2021-06-17
17,71.5,66,66,63.5,61,100,77.5,57,20,10.1,1,29.6,29.6,29.5,0.00,2021-06-18
18,69.6,63,68,63.7,59,100,82.7,58,25,4.7,0,29.6,29.6,29.4,0.00,2021-06-19
19,67.8,61,66,61.3,57,100,81.0,57,14,6.8,2,29.5,29.4,29.3,0.00,2021-06-20
20,67.7,59,64,58.0,54,100,73.7,47,17,6.6,0,29.5,29.4,29.3,0.00,2021-06-21
21,60.8,57,61,56.7,52,100,87.1,68,15,7.3,0,29.7,29.6,29.5,0.00,2021-06-22
22,58.0,55,55,54.0,52,94,85.4,77,13,9.0,7,29.8,29.8,29.8,0.00,2021-06-23
23,60.8,55,52,49.6,41,88,68.1,35,10,7.4,3,29.8,29.8,29.8,0.00,2021-06-24
24,60.9,48,63,54.3,46,100,80.0,53,13,5.4,1,29.8,29.8,29.7,0.00,2021-06-25
25,64.7,59,63,59.6,57,100,85.1,64,10,4.5,0,29.7,29.7,29.6,0.00,2021-06-26
26,67.0,63,64,61.1,59,94,81.7,61,9,4.5,0,29.6,29.6,29.6,0.00,2021-06-27
27,66.7,61,63,59.8,54,100,80.0,57,17,6.3,2,29.6,29.6,29.6,0.00,2021-06-28
28,60.3,54,57,54.5,50,100,82.3,52,12,4.1,1,29.6,29.6,29.6,0.00,2021-06-29
29,60.4,57,57,55.1,52,100,83.6,64,12,7.9,5,29.7,29.7,29.6,0.00,2021-06-30
0,64.7,55,59,55.1,52,94,72.4,57,8,5.2,2,29.8,29.7,29.7,0.00,2021-07-01
1,70.5,57,63,58.5,55,100,69.1,44,8,3.5,0,29.7,29.7,29.6,0.00,2021-07-02
2,69.3,64,63,59.0,54,83,70.2,53,12,5.8,1,29.6,29.6,29.6,0.00,2021-07-03
3,65.3,61,63,59.8,55,100,83.1,60,15,7.7,0,29.6,29.5,29.5,0.00,2021-07-04
4,65.3,57,61,57.7,55,100,78.3,60,16,7.5,2,29.6,29.4,29.4,0.00,2021-07-05
5,66.7,61,61,52.8,48,88,62.5,41,20,13.1,5,29.6,29.4,29.3,0.00,2021-07-06
6,65.1,57,61,53.1,46,88,66.8,41,12,8.0,2,29.7,29.6,29.6,0.00,2021-07-07
7,65.3,55,57,53.0,48,88,65.5,47,13,7.3,0,29.9,29.8,29.8,0.00,2021-07-08
8,65.9,59,57,55.2,54,88,70.2,50,8,3.9,0,29.9,29.9,29.8,0.00,2021-07-09
9,64.0,59,59,56.0,52,94,76.4,60,13,5.0,0,29.8,29.7,29.6,0.00,2021-07-10
10,66.2,59,61,57.3,55,100,76.1,47,7,4.5,0,29.7,29.7,29.6,0.00,2021-07-11
11,65.2,61,66,59.7,57,100,83.4,54,14,5.4,1,29.6,29.5,29.4,0.00,2021-07-12
12,62.7,61,63,60.7,59,100,93.2,88,13,7.1,3,29.6,29.5,29.5,0.00,2021-07-13
13,63.9,59,61,57.7,55,100,82.0,64,17,11.6,6,29.7,29.6,29.6,0.00,2021-07-14
14,68.1,61,59,57.7,55,88,70.8,54,17,12.7,7,29.8,29.7,29.7,0.00,2021-07-15
15,64.7,61,57,55.4,54,82,73.0,56,14,10.5,3,29.9,29.9,29.8,0.00,2021-07-16
16,66.3,57,63,57.8,54,94,74.8,57,13,8.6,3,29.9,29.9,29.9,0.00,2021-07-17
17,74.2,63,61,59.7,57,88,62.9,42,17,12.0,3,29.9,29.9,29.8,0.00,2021-07-18
18,76.1,66,63,60.4,59,83,59.8,42,16,10.5,7,29.8,29.8,29.7,0.00,2021-07-19
19,74.5,66,61,58.1,55,78,58.0,42,12,7.4,3,29.8,29.8,29.8,0.00,2021-07-20
20,74.9,63,61,58.4,57,82,58.0,40,12,6.3,0,29.8,29.8,29.8,0.00,2021-07-21
21,74.5,63,57,56.0,54,82,54.3,37,13,8.3,2,29.8,29.8,29.7,0.00,2021-07-22
22,75.5,64,63,58.7,57,83,57.4,40,15,9.5,6,29.7,29.6,29.4,0.00,2021-07-23
23,71.5,64,64,58.7,54,83,64.9,44,15,8.3,0,29.5,29.4,29.4,0.00,2021-07-24
24,67.2,63,63,60.5,57,94,79.2,53,16,8.9,3,29.5,29.4,29.4,0.00,2021-07-25
25,66.9,61,66,61.8,57,94,84.2,57,15,7.2,1,29.6,29.5,29.5,0.00,2021-07-26
26,64.2,63,64,60.3,59,94,86.8,78,15,7.7,2,29.6,29.6,29.5,0.00,2021-07-27
27,66.3,61,61,55.6,50,94,70.8,50,16,10.0,3,29.6,29.6,29.6,0.00,2021-07-28
28,65.4,55,55,51.8,48,94,63.3,41,13,8.9,2,29.7,29.6,29.6,0.00,2021-07-29
29,65.7,57,59,53.2,48,88,65.9,41,21,11.0,0,29.6,29.5,29.5,0.00,2021-07-30
30,64.7,57,57,53.6,52,88,68.3,47,14,7.6,3,29.6,29.6,29.5,0.00,2021-07-31
0,65.5,57,55,53.3,50,88,66.3,44,13,7.4,2,29.6,29.6,29.6,0.00,2021-08-01
1,65.2,57,61,55.6,54,88,72.3,53,13,6.0,0,29.7,29.6,29.6,0.00,2021-08-02
2,63.0,59,59,54.9,48,100,76.4,52,14,5.9,2,29.6,29.6,29.6,0.00,2021-08-03
3,61.3,52,61,54.8,50,100,80.0,56,7,2.8,0,29.6,29.6,29.6,0.00,2021-08-04
4,65.7,61,63,58.2,54,100,78.9,47,16,8.2,0,29.6,29.5,29.3,0.00,2021-08-05
5,65.7,61,61,56.6,52,94,74.5,53,18,12.5,7,29.4,29.4,29.3,0.00,2021-08-06
6,62.3,57,61,56.0,54,94,80.5,60,20,9.9,3,29.4,29.3,29.3,0.00,2021-08-07
7,63.0,55,55,52.9,48,94,70.7,43,18,11.6,3,29.7,29.6,29.4,0.00,2021-08-08
8,64.0,55,57,54.6,52,94,72.6,50,16,9.0,3,29.7,29.7,29.7,0.00,2021-08-09
9,68.1,61,63,59.1,57,100,74.4,53,13,6.0,0,29.7,29.7,29.7,0.00,2021-08-10
10,71.3,59,61,59.0,55,100,67.5,42,8,3.7,0,29.8,29.8,29.7,0.00,2021-08-11
11,74.3,59,64,60.6,57,94,65.0,40,10,3.8,0,29.8,29.7,29.7,0.00,2021-08-12
12,73.7,61,63,59.4,55,88,62.8,42,10,5.6,2,29.9,29.9,29.8,0.00,2021-08-13
13,72.9,61,57,54.4,50,77,54.6,29,9,5.0,2,29.9,29.8,29.7,0.00,2021-08-14
14,74.2,61,63,59.0,54,88,61.1,40,17,6.8,0,29.7,29.6,29.6,0.00,2021-08-15
15,65.3,61,59,53.5,48,88,67.2,46,18,11.2,3,29.8,29.7,29.6,0.00,2021-08-16
16,61.2,54,55,52.7,50,94,73.5,60,14,7.7,2,29.9,29.8,29.8,0.00,2021-08-17
17,64.8,59,59,56.5,55,88,75.8,64,12,7.8,3,29.8,29.8,29.7,0.00,2021-08-18
18,63.9,61,59,55.6,54,88,74.5,60,10,6.7,2,29.7,29.7,29.7,0.00,2021-08-19
19,66.0,55,57,54.5,52,88,68.0,47,9,4.3,1,29.7,29.7,29.7,0.00,2021-08-20
20,68.8,57,63,58.1,54,88,69.8,51,13,6.2,0,29.7,29.7,29.7,0.00,2021-08-21
21,66.2,61,59,56.0,52,88,71.5,47,16,9.7,2,29.9,29.8,29.7,0.00,2021-08-22
22,64.9,61,63,57.5,55,88,77.4,68,15,9.3,3,29.9,29.9,29.9,0.00,2021-08-23
23,66.6,59,57,53.1,46,94,65.6,36,20,13.4,8,29.9,29.9,29.8,0.00,2021-08-24
24,67.0,57,54,51.0,48,77,57.7,41,16,11.6,6,29.9,29.8,29.7,0.00,2021-08-25
25,63.2,55,59,53.5,48,94,71.9,46,15,10.1,3,29.8,29.7,29.7,0.00,2021-08-26
26,64.0,57,55,51.1,46,88,64.3,41,14,9.6,5,29.8,29.8,29.7,0.00,2021-08-27
27,63.5,55,57,53.5,50,94,70.7,50,15,9.8,5,29.8,29.8,29.8,0.00,2021-08-28
28,62.1,57,55,53.9,52,88,74.7,60,14,9.8,6,29.8,29.8,29.8,0.00,2021-08-29
29,64.7,59,59,56.5,54,94,76.6,57,16,11.2,6,29.8,29.8,29.8,0.00,2021-08-30
30,66.5,61,57,54.2,50,88,66.5,44,15,12.2,9,29.9,29.9,29.8,0.00,2021-08-31
0,64.7,59,55,54.4,52,88,70.7,47,18,13.9,10,30.0,29.9,29.9,0.00,2021-09-01
1,65.3,54,54,51.9,50,88,64.2,39,15,11.2,7,29.9,29.9,29.8,0.00,2021-09-02
2,70.1,57,61,55.9,52,88,62.7,40,8,5.3,2,29.8,29.7,29.6,0.00,2021-09-03
3,72.2,64,64,62.5,59,94,72.4,45,10,4.2,0,29.7,29.6,29.6,0.00,2021-09-04
4,74.0,64,64,61.8,59,88,67.0,43,13,3.6,0,29.8,29.7,29.7,0.00,2021-09-05
5,74.2,61,59,56.7,54,88,57.1,37,10,4.7,0,29.9,29.8,29.8,0.00,2021-09-06
6,74.3,57,55,53.0,50,82,50.0,29,17,8.2,0,29.8,29.8,29.7,0.00,2021-09-07
7,74.7,63,66,58.2,50,73,57.1,40,12,6.8,1,29.7,29.6,29.5,0.00,2021-09-08
8,71.5,66,68,64.4,59,94,81.3,48,15,7.5,3,29.6,29.5,29.5,0.00,2021-09-09
9,68.0,64,66,63.0,61,94,83.4,57,13,7.6,2,29.7,29.6,29.6,0.00,2021-09-10
10,64.7,55,61,55.0,50,100,72.6,53,10,5.8,2,29.8,29.8,29.7,0.00,2021-09-11
11,64.2,54,55,52.5,50,94,67.2,47,8,3.5,1,29.8,29.7,29.7,0.00,2021-09-12
12,67.9,55,59,54.9,52,88,64.7,44,12,6.3,1,29.7,29.6,29.6,0.00,2021-09-13
13,69.0,63,68,63.6,59,100,84.0,57,10,5.2,0,29.6,29.5,29.5,0.00,2021-09-14
14,67.0,64,68,64.2,57,100,91.2,77,12,5.4,1,29.7,29.6,29.5,0.00,2021-09-15
15,65.2,59,57,54.9,52,88,71.4,50,9,5.2,0,29.8,29.7,29.7,0.00,2021-09-16
16,62.6,52,55,53.6,52,100,75.0,47,8,3.3,0,29.8,29.7,29.6,0.00,2021-09-17
17,64.7,55,59,55.1,52,94,72.3,50,8,4.1,0,29.6,29.6,29.6,0.00,2021-09-18
18,65.7,61,59,56.9,54,94,74.9,50,15,7.8,3,29.7,29.6,29.5,0.00,2021-09-19
19,61.7,55,59,56.9,54,100,85.7,60,14,7.0,1,29.9,29.8,29.7,0.00,2021-09-20
20,58.7,52,57,50.6,45,94,75.6,55,14,8.4,3,30.1,30.0,29.9,0.00,2021-09-21
21,59.5,50,50,48.3,46,94,69.4,43,9,4.9,0,30.1,30.0,29.9,0.00,2021-09-22
22,61.4,50,54,50.5,48,94,69.9,44,7,3.8,0,29.9,29.8,29.8,0.00,2021-09-23
23,61.8,55,57,54.8,52,100,79.8,57,7,3.5,0,29.8,29.8,29.7,0.00,2021-09-24
24,62.6,50,63,55.6,50,100,80.2,50,9,3.1,0,29.7,29.6,29.6,0.00,2021-09-25
25,63.9,59,64,60.8,57,100,89.8,78,15,6.9,0,29.7,29.6,29.6,0.00,2021-09-26
26,60.8,52,61,56.3,48,100,86.4,56,14,7.5,1,29.9,29.7,29.6,0.00,2021-09-27
27,57.4,50,52,48.3,46,94,74.3,49,9,4.9,1,29.9,29.8,29.7,0.00,2021-09-28
28,56.9,50,54,47.8,43,94,72.2,52,18,10.8,6,30.0,29.8,29.7,0.00,2021-09-29
29,53.9,43,45,42.5,39,93,68.0,40,13,6.5,1,30.0,30.0,29.9,0.00,2021-09-30
0,54.1,46,55,48.5,41,94,81.4,62,13,8.7,3,29.9,29.7,29.6,0.00,2021-10-01
1,59.0,55,59,55.3,52,100,87.8,68,22,11.9,2,29.6,29.4,29.1,0.00,2021-10-02
2,59.7,55,61,54.6,46,94,83.7,63,20,12.0,3,29.6,29.2,29.0,0.00,2021-10-03
3,56.6,46,52,48.9,46,100,77.0,52,16,8.7,2,29.7,29.6,29.6,0.00,2021-10-04
4,56.3,52,55,50.7,46,94,82.3,52,21,11.3,5,29.6,29.5,29.3,0.00,2021-10-05
5,55.4,50,50,46.3,45,88,73.5,49,17,10.7,3,29.9,29.8,29.6,0.00,2021-10-06
6,54.9,45,52,47.3,45,100,77.7,52,8,4.0,0,30.0,30.0,29.9,0.00,2021-10-07
7,56.5,48,50,48.5,46,100,76.7,52,13,8.2,2,30.0,30.0,29.9,0.00,2021-10-08
8,56.3,50,50,48.5,46,94,77.3,55,12,7.0,3,29.9,29.9,29.9,0.00,2021-10-09
9,54.2,46,48,46.7,45,100,78.2,49,10,5.5,1,30.0,30.0,29.9,0.00,2021-10-10
10,55.6,50,52,48.0,43,94,76.9,55,12,6.8,2,30.0,30.0,30.0,0.00,2021-10-11
11,52.6,45,50,46.1,43,100,79.4,59,13,6.7,1,30.0,29.9,29.8,0.00,2021-10-12
12,51.8,45,50,43.0,37,94,73.9,45,12,4.6,0,30.0,30.0,29.9,0.00,2021-10-13
13,50.0,39,45,42.3,37,100,77.2,48,6,2.4,0,30.0,30.0,29.8,0.00,2021-10-14
14,51.1,41,52,45.7,41,100,83.6,56,7,2.2,0,29.8,29.8,29.8,0.00,2021-10-15
15,54.6,46,52,46.0,41,100,75.6,42,7,3.3,0,29.8,29.8,29.8,0.00,2021-10-16
16,50.0,39,45,42.5,39,100,77.1,48,10,3.5,0,29.8,29.8,29.8,0.00,2021-10-17
17,53.3,41,59,48.8,41,100,85.6,68,14,4.6,0,29.8,29.8,29.8,0.00,2021-10-18
18,65.4,59,57,54.9,52,94,71.2,44,15,8.7,5,29.8,29.8,29.7,0.00,2021-10-19
19,62.3,57,59,55.8,52,88,79.2,68,28,12.9,5,29.7,29.4,29.1,0.00,2021-10-20
20,53.2,45,54,45.5,39,94,75.5,63,37,17.4,6,29.8,29.5,29.1,0.00,2021-10-21
21,46.7,37,46,41.4,36,100,82.7,51,14,6.3,2,29.9,29.9,29.8,0.00,2021-10-22
22,49.6,43,48,43.8,39,93,80.5,55,7,3.0,0,30.0,30.0,29.9,0.00,2021-10-23
23,47.4,37,45,40.8,36,100,79.0,55,10,4.0,0,29.9,29.9,29.8,0.00,2021-10-24
24,50.1,43,52,47.5,41,100,90.9,77,9,5.2,0,29.8,29.8,29.8,0.00,2021-10-25
25,52.9,46,52,49.8,46,100,89.5,77,13,6.9,2,29.9,29.9,29.8,0.00,2021-10-26
26,52.0,45,52,47.8,45,100,87.3,59,8,3.9,0,29.9,29.9,29.8,0.00,2021-10-27
27,53.0,43,50,45.7,43,100,78.9,49,14,5.6,0,29.8,29.6,29.5,0.00,2021-10-28
28,54.6,50,54,49.6,45,100,84.2,67,14,8.2,3,29.5,29.4,29.3,0.00,2021-10-29
29,55.1,52,57,53.7,50,100,95.0,88,12,7.8,3,29.4,29.3,29.2,0.00,2021-10-30
30,54.2,48,59,51.3,46,100,90.9,77,20,8.8,3,29.4,29.3,29.1,0.00,2021-10-31
0,49.0,45,46,45.4,43,100,86.7,67,17,8.3,3,29.3,29.2,29.2,0.00,2021-11-01
1,48.3,46,46,44.7,43,100,86.3,71,13,6.9,2,29.3,29.2,29.1,0.00,2021-11-02
2,47.1,43,46,43.2,39,100,85.8,71,10,7.2,5,29.4,29.2,29.1,0.00,2021-11-03
3,45.4,39,45,42.4,37,100,88.6,67,15,8.7,3,29.7,29.5,29.4,0.00,2021-11-04
4,48.0,43,45,42.0,39,93,79.5,62,9,6.0,0,30.1,29.9,29.7,0.00,2021-11-05
5,44.0,34,41,37.9,34,100,81.0,54,9,4.8,0,30.1,30.1,30.0,0.00,2021-11-06
6,49.0,43,50,44.0,39,100,83.4,63,12,7.5,0,29.9,29.9,29.8,0.00,2021-11-07
7,45.7,37,43,40.0,37,100,82.2,54,7,3.4,0,29.9,29.9,29.9,0.00,2021-11-08
8,42.4,36,43,37.8,36,100,86.1,47,5,1.7,0,30.0,29.9,29.9,0.00,2021-11-09
9,37.0,30,43,36.3,30,100,97.4,81,6,2.3,0,29.9,29.9,29.9,0.00,2021-11-10
10,37.1,32,43,36.8,32,100,98.8,87,6,2.2,0,29.9,29.9,29.9,0.00,2021-11-11
11,42.6,34,50,40.9,34,100,94.5,76,10,5.4,0,29.8,29.7,29.6,0.00,2021-11-12
12,52.1,50,52,49.6,48,100,92.1,77,12,7.8,5,29.7,29.7,29.6,0.00,2021-11-13
13,51.0,46,50,47.5,45,100,89.3,77,14,8.7,5,29.9,29.8,29.7,0.00,2021-11-14
14,44.5,43,45,43.1,41,100,95.0,87,12,8.3,3,29.9,29.9,29.9,0.00,2021-11-15
15,44.5,43,45,41.1,39,100,88.6,76,8,3.9,0,29.9,29.9,29.8,0.00,2021-11-16
16,49.1,46,50,46.7,45,100,91.5,77,8,4.4,1,30.0,29.9,29.8,0.00,2021-11-17
17,43.1,37,45,42.0,37,100,96.0,76,8,4.3,0,30.2,30.1,30.0,0.00,2021-11-18
18,46.1,43,46,44.2,43,100,92.4,82,8,3.7,0,30.2,30.1,30.1,0.00,2021-11-19
19,44.5,43,45,43.4,41,100,95.2,87,10,5.3,0,30.1,29.9,29.8,0.00,2021-11-20
20,43.3,41,46,42.1,39,100,95.6,87,14,6.9,2,29.8,29.6,29.6,0.00,2021-11-21
21,41.7,37,39,36.1,32,93,81.4,66,20,14.9,10,30.0,29.8,29.7,0.00,2021-11-22
22,40.1,34,37,31.6,27,93,73.6,46,17,12.2,5,30.0,30.0,30.0,0.00,2021-11-23
23,38.6,36,37,36.3,34,100,90.7,76,9,7.2,3,30.0,29.8,29.6,0.00,2021-11-24
24,40.9,34,41,37.0,32,100,86.3,76,12,6.7,2,29.6,29.6,29.6,0.00,2021-11-25
25,40.8,37,41,37.5,36,93,87.9,71,20,11.1,5,29.6,29.2,28.9,0.00,2021-11-26
26,37.6,34,37,35.6,34,100,92.3,87,18,11.0,6,29.1,28.9,28.8,0.00,2021-11-27
27,39.8,34,39,35.3,30,93,84.4,70,21,15.2,6,29.4,29.2,29.1,0.00,2021-11-28
28,36.3,30,36,31.7,28,93,84.6,66,12,6.9,3,29.8,29.6,29.4,0.00,2021-11-29
29,41.6,34,43,39.0,32,93,89.9,87,17,12.4,5,29.8,29.7,29.6,0.00,2021-11-30
0,47.2,43,48,43.5,39,100,86.9,71,21,14.0,6,29.6,29.3,29.2,0.00,2021-12-01
1,40.7,36,41,33.6,27,93,76.8,53,16,10.5,6,29.6,29.4,29.3,0.00,2021-12-02
2,37.5,34,48,36.0,30,100,94.5,81,16,9.3,0,29.7,29.5,29.2,0.00,2021-12-03
3,48.0,39,52,44.2,32,100,87.1,57,22,12.4,0,29.3,29.2,29.1,0.00,2021-12-04
4,40.5,37,41,37.7,34,93,89.5,87,16,10.2,6,29.5,29.3,29.3,0.00,2021-12-05
5,42.7,41,41,39.7,37,100,90.0,81,16,9.0,2,29.7,29.6,29.5,0.00,2021-12-06
6,41.5,37,45,39.5,37,100,93.0,81,18,10.9,5,29.6,29.4,29.0,0.00,2021-12-07
7,41.4,36,39,36.3,34,93,82.2,71,16,10.0,6,29.3,29.2,29.1,0.00,2021-12-08
8,39.3,36,41,35.6,32,100,87.5,71,16,9.4,6,29.4,29.4,29.1,0.00,2021-12-09
9,43.5,39,45,37.4,34,100,79.7,62,24,15.9,10,29.5,29.1,28.9,0.00,2021-12-10
10,40.1,34,39,36.2,32,93,86.6,76,10,6.7,0,29.9,29.7,29.5,0.00,2021-12-11
11,46.8,43,50,46.4,39,100,98.9,87,12,7.3,5,30.0,29.9,29.9,0.00,2021-12-12
12,45.5,41,48,45.5,41,100,99.5,93,9,5.1,3,30.0,30.0,29.9,0.00,2021-12-13
13,42.9,41,43,42.1,41,100,97.2,93,6,2.9,0,30.1,30.1,30.0,0.00,2021-12-14
14,45.0,43,45,43.0,41,100,92.6,82,7,2.8,0,30.2,30.2,30.1,0.00,2021-12-15
15,47.1,43,46,43.9,41,100,88.0,76,10,5.1,0,30.3,30.3,30.2,0.00,2021-12-16
16,44.6,41,45,42.1,39,100,90.5,76,14,9.2,6,30.3,30.3,30.2,0.00,2021-12-17
17,42.0,37,41,38.6,37,100,88.9,71,13,9.3,6,30.3,30.2,30.2,0.00,2021-12-18
18,40.5,39,41,40.0,39,100,98.0,93,13,9.7,8,30.2,30.1,30.0,0.00,2021-12-19
19,41.0,39,39,35.6,30,93,81.6,65,14,9.7,6,30.0,29.9,29.9,0.00,2021-12-20
20,34.3,28,32,29.1,28,100,82.9,70,9,5.3,1,29.9,29.9,29.8,0.00,2021-12-21
21,29.8,28,28,27.6,27,100,91.0,80,10,6.9,3,29.9,29.8,29.7,0.00,2021-12-22
22,38.5,28,45,35.6,27,100,88.5,76,12,5.7,2,29.7,29.6,29.5,0.00,2021-12-23
23,47.3,45,48,46.5,43,100,96.5,87,10,5.0,0,29.6,29.4,29.3,0.00,2021-12-24
24,48.4,46,50,48.3,46,100,99.6,93,10,3.5,0,29.3,29.3,29.3,0.00,2021-12-25
25,48.5,46,52,47.7,46,100,97.5,88,12,6.2,3,29.3,29.3,29.3,0.00,2021-12-26
26,50.5,48,52,48.3,46,100,93.1,77,14,9.3,6,29.3,29.1,29.1,0.00,2021-12-27
27,52.5,50,52,46.0,41,100,80.1,58,24,14.5,8,29.4,29.2,29.0,0.00,2021-12-28
28,53.4,48,57,51.9,45,100,95.0,82,17,9.8,3,29.7,29.5,29.4,0.00,2021-12-29
29,55.8,52,55,53.8,50,100,92.2,82,16,9.6,3,29.9,29.8,29.7,0.00,2021-12-30
30,51.1,45,52,49.2,45,100,93.5,72,9,5.8,1,29.9,29.9,29.8,0.00,2021-12-31
0,49.7,45,50,46.9,45,100,91.3,67,9,4.0,0,29.9,29.9,29.8,0.00,2022-01-01
1,52.2,48,50,47.0,43,87,81.9,71,18,11.0,3,29.8,29.7,29.7,0.00,2022-01-02
2,52.6,50,52,49.0,46,100,89.0,82,18,12.2,6,29.8,29.6,29.3,0.00,2022-01-03
3,47.3,39,52,45.2,34,100,92.2,76,18,11.6,5,29.4,29.2,29.1,0.00,2022-01-04
4,38.2,34,36,32.8,30,93,81.5,66,14,8.9,3,29.8,29.6,29.4,0.00,2022-01-05
5,37.0,32,36,32.0,27,100,83.3,53,10,6.0,3,29.9,29.8,29.8,0.00,2022-01-06
6,41.3,36,41,37.2,32,100,85.9,62,21,12.8,7,29.8,29.7,29.5,0.00,2022-01-07
7,42.4,36,46,40.2,34,100,90.8,76,32,13.4,3,29.7,29.4,29.1,0.00,2022-01-08
8,40.8,39,39,38.0,36,100,90.5,76,23,8.9,2,29.5,29.4,29.2,0.00,2022-01-09
9,37.3,34,39,36.9,34,100,98.3,93,8,4.3,0,30.0,29.8,29.5,0.00,2022-01-10
10,33.9,32,36,33.1,30,100,97.2,87,7,4.4,2,30.3,30.1,30.0,0.00,2022-01-11
11,35.2,30,37,33.3,30,100,92.7,76,10,3.6,0,30.4,30.3,30.3,0.00,2022-01-12
12,35.4,32,37,35.1,32,100,98.8,93,9,6.4,2,30.4,30.4,30.3,0.00,2022-01-13
13,35.8,30,36,32.4,30,100,88.5,66,7,2.7,0,30.3,30.2,30.1,0.00,2022-01-14
14,35.4,27,36,31.8,27,100,88.2,57,10,2.6,0,30.1,30.0,29.9,0.00,2022-01-15
15,34.0,30,39,33.2,28,100,96.9,93,14,6.5,0,30.2,30.1,29.9,0.00,2022-01-16
16,41.6,37,43,39.9,37,100,94.5,81,7,3.8,0,30.3,30.3,30.2,0.00,2022-01-17
17,40.9,34,41,36.9,34,100,87.4,62,14,6.7,1,30.3,30.2,30.1,0.00,2022-01-18
18,41.0,37,43,38.3,36,100,90.2,87,12,6.7,0,30.1,30.0,29.9,0.00,2022-01-19
19,39.9,36,43,35.7,32,100,85.3,66,15,8.4,3,30.3,30.1,30.0,0.00,2022-01-20
20,37.8,34,36,34.0,32,93,86.1,76,13,7.1,2,30.3,30.3,30.3,0.00,2022-01-21
21,40.8,37,37,35.3,34,87,80.1,76,10,4.9,2,30.3,30.3,30.3,0.00,2022-01-22
22,38.8,37,37,35.2,32,93,85.6,76,10,7.0,3,30.3,30.2,30.1,0.00,2022-01-23
23,36.5,30,34,32.1,28,100,85.2,66,10,4.9,0,30.2,30.1,30.1,0.00,2022-01-24
24,32.0,30,34,32.0,30,100,100.0,100,6,2.8,0,30.2,30.2,30.1,0.00,2022-01-25
25,34.4,32,34,32.5,32,100,93.3,81,7,4.0,0,30.3,30.2,30.2,0.00,2022-01-26
26,39.1,36,43,36.3,34,100,90.4,81,12,7.6,2,30.2,30.1,30.1,0.00,2022-01-27
27,42.6,41,43,41.0,39,100,94.7,81,9,5.0,0,30.3,30.3,30.2,0.00,2022-01-28
28,46.2,41,48,44.5,39,100,94.0,87,14,8.4,3,30.3,30.2,30.1,0.00,2022-01-29
29,46.4,43,46,39.0,36,100,76.6,58,9,5.0,2,30.2,30.1,29.9,0.00,2022-01-30
30,43.5,36,43,33.7,25,93,69.3,49,22,12.2,6,30.0,29.9,29.8,0.00,2022-01-31
0,44.3,36,46,41.1,28,100,89.1,75,17,11.4,7,30.0,29.9,29.8,0.00,2022-02-01
1,49.5,48,46,44.5,39,93,83.2,71,16,9.9,3,29.9,29.9,29.9,0.00,2022-02-02
2,45.3,45,43,39.7,37,93,81.4,76,12,8.0,3,29.9,29.8,29.7,0.00,2022-02-03
3,44.3,37,45,41.1,34,100,88.5,76,17,10.2,5,29.8,29.7,29.6,0.00,2022-02-04
4,41.2,34,39,35.0,32,93,79.6,54,14,8.3,3,29.9,29.9,29.8,0.00,2022-02-05
5,47.5,43,50,43.7,37,100,87.7,76,24,17.6,13,29.9,29.7,29.6,0.00,2022-02-06
6,44.8,39,41,35.5,34,87,70.2,54,18,7.7,2,30.2,30.0,29.7,0.00,2022-02-07
7,45.4,41,45,41.5,36,100,86.1,76,13,5.9,2,30.2,30.1,30.1,0.00,2022-02-08
8,43.7,32,41,38.5,32,100,84.0,54,7,3.0,0,30.1,30.0,29.9,0.00,2022-02-09
9,45.0,41,43,41.0,37,100,86.3,71,16,9.3,2,30.0,29.9,29.8,0.00,2022-02-10
10,39.8,34,37,34.1,30,100,81.0,54,8,4.7,0,30.2,30.1,30.0,0.00,2022-02-11
11,38.5,30,32,28.6,25,93,70.9,40,10,4.2,0,30.2,30.0,29.8,0.00,2022-02-12
12,44.0,30,43,34.7,27,87,71.5,54,21,10.0,3,29.8,29.5,29.3,0.00,2022-02-13
13,48.2,41,46,41.9,39,100,79.3,62,23,11.9,5,29.5,29.3,29.2,0.00,2022-02-14
14,45.1,39,46,41.4,37,93,87.0,71,17,11.3,5,29.7,29.6,29.5,0.00,2022-02-15
15,53.4,48,55,51.0,46,100,91.0,77,23,16.3,13,29.5,29.4,29.4,0.00,2022-02-16
16,53.6,50,54,42.9,37,94,68.0,48,21,15.0,3,29.7,29.6,29.4,0.00,2022-02-17
17,50.9,43,52,43.6,32,100,77.6,57,29,17.6,5,29.6,29.5,29.3,0.00,2022-02-18
18,44.2,37,41,34.5,32,87,69.0,50,22,14.8,7,29.8,29.7,29.7,0.00,2022-02-19
19,51.3,46,48,45.1,43,93,79.7,67,26,16.7,8,29.8,29.6,29.4,0.00,2022-02-20
20,47.4,43,48,37.2,34,88,68.4,58,28,19.9,13,29.9,29.6,29.4,0.00,2022-02-21
21,47.8,43,48,43.5,39,94,86.2,71,18,11.2,6,29.9,29.9,29.9,0.00,2022-02-22
22,47.8,37,46,40.9,37,100,79.2,58,10,5.6,2,30.0,29.9,29.8,0.00,2022-02-23
23,46.4,39,46,39.0,30,93,75.8,65,23,10.8,2,29.9,29.7,29.6,0.00,2022-02-24
24,42.1,36,39,33.3,30,87,72.3,47,14,8.7,3,30.2,30.0,29.9,0.00,2022-02-25
25,40.3,30,36,31.3,28,100,72.5,46,18,7.8,0,30.2,30.1,30.0,0.00,2022-02-26
26,40.1,32,32,28.3,27,81,63.7,47,12,7.4,0,30.0,29.9,29.9,0.00,2022-02-27
27,41.8,28,30,27.6,25,86,59.6,33,6,2.5,0,30.0,30.0,30.0,0.00,2022-02-28
0,44.2,34,37,32.8,28,87,66.3,41,8,3.1,0,30.0,29.9,29.9,0.00,2022-03-01
1,46.7,43,39,34.9,32,81,64.3,51,7,3.6,0,29.9,29.8,29.7,0.00,2022-03-02
2,48.9,43,46,43.2,37,93,81.5,58,9,3.5,0,29.7,29.7,29.6,0.00,2022-03-03
3,48.1,41,46,44.1,41,100,86.0,67,10,4.5,0,29.8,29.7,29.7,0.00,2022-03-04
4,47.6,43,45,37.6,28,100,71.1,36,12,5.3,0,29.8,29.8,29.7,0.00,2022-03-05
5,40.8,34,41,29.0,21,93,66.4,37,21,11.5,3,29.9,29.8,29.8,0.00,2022-03-06
6,37.6,30,27,23.9,21,80,58.9,43,18,13.0,9,29.9,29.8,29.7,0.00,2022-03-07
7,42.2,30,34,27.7,23,75,57.8,44,12,5.9,1,29.8,29.7,29.7,0.00,2022-03-08
8,48.3,36,43,36.8,28,87,65.9,48,13,5.5,0,29.8,29.8,29.8,0.00,2022-03-09
9,50.8,39,43,37.7,34,81,62.4,42,13,4.8,0,29.8,29.7,29.6,0.00,2022-03-10
10,49.4,45,46,42.3,37,87,77.2,62,20,8.5,2,29.6,29.5,29.5,0.00,2022-03-11
11,46.5,41,46,43.0,41,100,86.8,76,14,9.0,3,29.7,29.6,29.6,0.00,2022-03-12
12,47.7,45,45,42.0,37,93,80.3,62,16,9.3,6,29.7,29.5,29.5,0.00,2022-03-13
13,48.6,39,45,40.3,37,100,75.2,48,10,5.8,0,30.0,29.9,29.7,0.00,2022-03-14
14,49.5,48,50,46.9,39,100,91.5,71,7,3.7,0,29.9,29.8,29.8,0.00,2022-03-15
15,51.1,46,50,47.8,46,100,89.3,77,18,4.5,0,29.8,29.8,29.7,0.00,2022-03-16
16,47.4,45,46,39.8,37,87,75.2,66,15,11.3,7,30.3,30.1,29.8,0.00,2022-03-17
17,48.9,41,39,31.8,23,87,56.7,25,25,15.0,8,30.3,30.3,30.2,0.00,2022-03-18
18,50.9,41,37,32.1,27,70,50.0,34,21,12.9,8,30.3,30.1,30.0,0.00,2022-03-19
19,46.0,37,37,29.8,23,76,54.8,36,14,6.9,3,30.0,29.9,29.9,0.00,2022-03-20
20,53.1,43,45,41.1,36,87,65.7,45,12,4.0,0,30.0,30.0,29.9,0.00,2022-03-21
21,54.6,45,43,35.6,27,76,51.7,29,16,6.9,0,30.1,30.0,30.0,0.00,2022-03-22
22,53.1,37,36,32.8,30,81,48.1,30,12,4.3,0,30.1,30.0,30.0,0.00,2022-03-23
23,55.4,41,37,33.3,30,70,45.5,24,9,4.5,0,30.0,30.0,29.9,0.00,2022-03-24
24,56.2,45,36,32.4,27,61,41.9,23,16,9.8,3,30.0,30.0,29.9,0.00,2022-03-25
25,57.0,46,37,33.0,27,62,42.1,26,16,10.6,5,30.0,30.0,29.9,0.00,2022-03-26
26,52.0,52,36,36.0,36,54,54.0,54,10,9.0,8,30.0,30.0,30.0,0.00,2022-03-27
27,57.6,41,46,37.0,28,87,50.6,22,7,3.4,0,29.9,29.8,29.6,0.00,2022-03-28
28,56.3,52,48,41.5,36,82,59.3,40,13,5.4,0,29.6,29.5,29.4,0.00,2022-03-29
29,50.6,48,50,48.0,43,100,91.5,72,12,4.1,0,29.4,29.3,29.2,0.00,2022-03-30
30,42.7,37,45,36.5,30,93,79.5,57,24,12.5,6,29.3,29.2,29.2,0.00,2022-03-31
0,36.1,34,32,30.6,28,93,81.7,65,22,17.1,13,29.6,29.4,29.3,0.00,2022-04-01
1,39.6,34,30,24.9,19,75,57.7,39,22,16.1,10,29.8,29.7,29.6,0.00,2022-04-02
2,41.1,34,27,24.4,21,75,52.6,37,17,10.6,3,29.9,29.9,29.8,0.00,2022-04-03
3,42.1,32,36,30.4,27,87,65.0,41,18,10.9,2,29.9,29.8,29.6,0.00,2022-04-04
4,49.8,45,50,45.3,36,100,84.7,66,15,10.5,6,29.6,29.6,29.5,0.00,2022-04-05
5,50.6,45,46,43.1,39,87,75.2,67,20,12.6,6,29.6,29.4,29.3,0.00,2022-04-06
6,54.0,50,52,44.7,36,94,73.3,44,30,20.4,14,29.3,29.1,29.0,0.00,2022-04-07
7,43.4,36,48,40.0,34,100,88.4,58,21,10.0,2,29.4,29.2,29.0,0.00,2022-04-08
8,43.1,37,39,35.7,30,100,77.5,47,15,7.7,0,29.8,29.6,29.4,0.00,2022-04-09
9,45.3,32,37,34.3,30,100,68.2,44,9,4.9,0,29.8,29.8,29.7,0.00,2022-04-10
10,53.4,41,46,38.5,32,76,58.2,37,13,7.9,5,29.7,29.5,29.4,0.00,2022-04-11
11,59.8,50,50,46.6,43,82,63.4,43,15,8.0,0,29.6,29.4,29.4,0.00,2022-04-12
12,57.0,54,55,52.9,50,100,85.8,72,9,2.8,0,29.8,29.7,29.6,0.00,2022-04-13
13,60.0,50,55,50.7,46,100,74.8,41,8,4.2,0,29.9,29.8,29.8,0.00,2022-04-14
14,59.9,48,52,48.2,46,93,67.4,46,12,5.5,1,29.9,29.9,29.9,0.00,2022-04-15
15,58.6,50,48,44.4,37,82,61.5,37,15,9.5,6,30.0,30.0,29.9,0.00,2022-04-16
16,57.2,45,39,35.1,32,61,44.7,28,12,8.1,5,30.0,29.9,29.7,0.00,2022-04-17
17,56.7,43,50,35.6,32,77,47.0,28,15,4.5,0,29.7,29.7,29.6,0.00,2022-04-18
18,55.4,45,48,44.1,37,87,67.2,49,14,9.0,6,29.7,29.6,29.6,0.00,2022-04-19
19,55.8,46,45,40.6,34,87,59.9,34,15,8.8,3,29.6,29.5,29.5,0.00,2022-04-20
20,57.6,46,43,37.8,34,62,48.2,32,15,9.4,5,29.5,29.4,29.3,0.00,2022-04-21
21,58.3,48,45,42.4,41,76,56.2,42,14,10.1,6,29.3,29.3,29.2,0.00,2022-04-22
22,58.0,50,50,45.9,43,76,64.7,49,17,10.3,6,29.2,29.1,29.1,0.00,2022-04-23
23,58.6,48,48,45.4,43,87,62.6,48,12,7.8,5,29.4,29.3,29.1,0.00,2022-04-24
24,55.3,50,46,41.7,36,82,61.9,37,13,9.4,6,29.6,29.5,29.4,0.00,2022-04-25
25,52.1,43,46,42.5,41,93,70.7,51,12,8.0,3,29.8,29.7,29.6,0.00,2022-04-26
26,55.1,43,46,41.0,37,81,60.6,42,14,10.9,7,29.9,29.8,29.8,0.00,2022-04-27
27,59.6,48,45,41.8,37,76,54.2,33,14,10.8,7,29.9,29.9,29.9,0.00,2022-04-28
28,59.4,52,48,44.2,41,71,57.8,40,15,10.4,8,30.0,29.9,29.9,0.00,2022-04-29
29,53.3,45,43,40.2,36,93,63.5,42,15,10.9,5,30.0,29.9,29.9,0.00,2022-04-30
0,53.3,43,41,38.2,36,81,58.9,42,12,8.4,3,29.9,29.9,29.8,0.00,2022-05-01
1,56.4,48,46,41.7,39,71,58.5,43,13,8.1,3,29.8,29.7,29.7,0.00,2022-05-02
2,58.2,50,45,42.7,41,71,57.3,40,14,11.4,9,29.7,29.7,29.7,0.00,2022-05-03
3,56.8,50,48,45.6,43,87,68.2,45,14,7.9,5,29.8,29.8,29.7,0.00,2022-05-04
4,57.7,50,50,47.0,45,94,69.3,46,13,7.6,1,29.9,29.9,29.8,0.00,2022-05-05
5,60.7,48,52,47.0,43,94,64.0,35,12,6.4,2,30.0,29.9,29.9,0.00,2022-05-06
6,60.8,52,54,48.4,41,88,65.6,40,10,6.9,3,29.9,29.9,29.8,0.00,2022-05-07
7,61.3,52,55,51.6,50,94,72.0,46,13,9.7,7,29.9,29.9,29.9,0.00,2022-05-08
8,65.7,52,54,49.2,45,82,57.9,34,8,5.1,2,29.9,29.9,29.8,0.00,2022-05-09
9,69.0,57,55,52.5,50,88,58.7,34,18,8.4,0,29.8,29.7,29.6,0.00,2022-05-10
10,66.8,54,55,51.6,46,94,60.5,38,20,10.0,0,29.7,29.6,29.6,0.00,2022-05-11
11,61.7,54,54,49.9,46,88,66.2,49,10,6.3,1,29.8,29.8,29.7,0.00,2022-05-12
12,61.0,48,46,44.1,41,82,55.8,38,9,5.8,2,29.9,29.9,29.8,0.00,2022-05-13
13,62.5,46,50,46.9,43,93,59.0,38,9,4.5,0,29.9,29.8,29.7,0.00,2022-05-14
14,69.5,55,61,51.1,46,88,55.1,28,14,8.8,1,29.7,29.6,29.5,0.00,2022-05-15
15,68.1,61,61,56.6,50,94,70.0,39,12,6.3,0,29.8,29.7,29.6,0.00,2022-05-16
16,72.0,59,59,56.5,52,94,61.1,39,10,4.8,0,29.8,29.7,29.7,0.00,2022-05-17
17,74.0,63,63,59.2,55,88,61.7,37,10,7.4,3,29.8,29.8,29.7,0.00,2022-05-18
18,73.0,66,64,60.9,55,94,67.5,45,17,6.3,0,29.8,29.7,29.6,0.00,2022-05-19
19,65.5,54,66,56.2,50,88,71.8,60,24,9.4,1,29.9,29.8,29.7,0.00,2022-05-20
20,64.2,52,54,51.8,50,100,66.8,39,8,4.3,1,29.9,29.9,29.8,0.00,2022-05-21
21,66.3,59,55,53.2,50,77,63.1,53,14,7.4,0,29.8,29.6,29.4,0.00,2022-05-22
22,61.6,57,61,57.1,55,100,86.3,77,17,7.9,0,29.4,29.3,29.2,0.00,2022-05-23
23,58.0,52,55,48.3,43,94,72.6,45,16,10.2,2,29.6,29.5,29.3,0.00,2022-05-24
24,59.0,45,52,46.5,45,100,66.7,43,17,8.8,2,29.8,29.7,29.6,0.00,2022-05-25
25,62.6,57,54,52.5,50,82,69.8,53,13,9.3,6,29.9,29.9,29.8,0.00,2022-05-26
26,62.4,55,57,50.7,46,82,66.7,43,15,8.9,5,29.9,29.9,29.9,0.00,2022-05-27
27,59.4,46,50,44.6,39,94,61.1,37,18,7.6,2,29.9,29.8,29.8,0.00,2022-05-28
28,55.2,46,43,38.9,36,82,56.1,37,14,10.2,7,29.8,29.7,29.6,0.00,2022-05-29
29,57.3,46,43,40.7,37,87,56.9,33,12,7.4,2,29.6,29.6,29.5,0.00,2022-05-30
30,62.1,52,45,41.9,37,71,49.2,31,14,6.1,0,29.7,29.6,29.6,0.00,2022-05-31
0,61.4,45,46,43.3,41,93,54.7,31,13,6.3,2,29.7,29.7,29.7,0.00,2022-06-01
1,66.0,54,48,43.9,41,67,46.4,29,13,8.5,5,29.8,29.7,29.7,0.00,2022-06-02
2,65.2,59,64,54.0,43,88,67.9,43,9,5.5,3,29.7,29.6,29.6,0.00,2022-06-03
3,68.4,61,64,60.9,59,100,80.8,40,17,6.8,2,29.7,29.6,29.6,0.00,2022-06-04
4,66.4,61,64,60.4,57,100,82.1,57,17,8.3,1,29.7,29.6,29.6,0.00,2022-06-05
5,63.6,54,57,51.2,46,94,66.0,43,15,8.7,3,29.7,29.7,29.7,0.00,2022-06-06
6,65.5,59,59,54.5,48,100,69.3,41,18,10.2,3,29.7,29.6,29.6,0.00,2022-06-07
7,63.3,57,61,54.7,48,100,75.8,46,18,9.6,3,29.6,29.5,29.5,0.00,2022-06-08
8,62.4,54,54,50.0,45,94,66.0,40,13,9.3,3,29.8,29.7,29.6,0.00,2022-06-09
9,66.4,57,59,55.8,52,88,69.7,57,14,6.9,1,29.9,29.9,29.8,0.00,2022-06-10
10,68.7,55,61,57.0,54,100,69.3,44,14,4.6,0,29.9,29.9,29.8,0.00,2022-06-11
11,67.1,55,54,49.0,45,77,53.8,32,15,8.5,5,29.9,29.9,29.8,0.00,2022-06-12
12,64.5,54,52,47.7,45,88,56.8,36,14,7.1,2,29.9,29.9,29.8,0.00,2022-06-13
13,68.7,57,52,49.0,46,67,51.1,34,9,6.3,2,29.9,29.8,29.7,0.00,2022-06-14
14,74.8,61,55,52.1,48,68,46.8,25,13,6.5,3,29.7,29.7,29.7,0.00,2022-06-15
15,75.0,63,55,51.2,46,77,45.9,27,9,5.6,1,29.8,29.8,29.7,0.00,2022-06-16
16,78.8,63,59,54.6,50,72,45.6,26,6,3.2,0,29.9,29.8,29.8,0.00,2022-06-17
17,82.8,64,66,60.7,57,83,50.4,27,12,4.4,0,29.8,29.6,29.4,0.00,2022-06-18
18,69.4,59,64,59.1,55,94,71.1,45,18,11.2,0,29.6,29.5,29.4,0.00,2022-06-19
19,64.6,59,61,58.1,52,100,81.5,53,18,10.1,5,29.7,29.6,29.5,0.00,2022-06-20
20,69.3,59,63,58.0,54,88,68.4,51,12,6.7,2,29.6,29.6,29.5,0.00,2022-06-21
21,69.5,63,64,58.3,54,77,67.2,56,14,7.9,3,29.5,29.5,29.5,0.00,2022-06-22
22,72.7,64,64,60.2,54,94,67.3,44,12,7.0,2,29.5,29.5,29.4,0.00,2022-06-23
23,69.3,63,63,58.9,54,100,70.8,50,17,10.3,3,29.5,29.4,29.4,0.00,2022-06-24
24,63.2,59,59,55.5,52,88,76.2,68,12,7.3,3,29.6,29.5,29.5,0.00,2022-06-25
25,62.8,55,55,52.6,48,94,71.0,46,9,5.6,2,29.7,29.6,29.6,0.00,2022-06-26
26,66.3,59,55,50.1,43,88,59.8,31,14,7.8,1,29.8,29.7,29.6,0.00,2022-06-27
27,69.5,55,54,49.2,45,82,52.4,28,9,5.5,0,29.8,29.8,29.6,0.00,2022-06-28
28,69.4,54,57,51.2,48,94,54.9,34,15,7.1,0,29.7,29.6,29.5,0.00,2022-06-29
29,59.2,55,57,54.7,50,100,85.5,68,12,6.2,2,29.7,29.6,29.6,0.00,2022-06-30
0,62.1,50,52,48.5,45,100,65.2,40,12,6.6,3,29.8,29.8,29.7,0.00,2022-07-01
1,67.1,50,55,49.2,46,100,58.3,30,13,4.8,0,29.8,29.8,29.7,0.00,2022-07-02
2,66.8,55,55,51.0,48,77,58.1,38,14,7.5,3,29.8,29.8,29.8,0.00,2022-07-03
3,67.9,52,54,49.7,45,94,55.9,30,15,6.2,1,29.9,29.8,29.8,0.00,2022-07-04
4,67.9,54,55,51.0,48,88,57.6,34,14,8.2,2,29.9,29.9,29.9,0.00,2022-07-05
5,68.8,55,55,50.2,48,82,53.8,34,13,7.8,3,30.0,30.0,29.9,0.00,2022-07-06
6,66.7,59,59,55.4,52,88,67.9,53,15,9.6,5,30.1,30.0,29.9,0.00,2022-07-07
7,68.0,54,52,49.4,48,82,54.4,32,12,8.3,5,30.2,30.1,30.0,0.00,2022-07-08
8,73.1,61,57,54.5,48,82,53.9,35,17,8.0,2,30.0,30.0,29.9,0.00,2022-07-09
9,69.7,57,54,51.4,48,77,53.8,37,14,11.6,7,30.0,29.9,29.9,0.00,2022-07-10
10,75.2,63,57,54.7,52,72,50.4,35,13,8.5,5,29.9,29.9,29.8,0.00,2022-07-11
11,79.5,66,59,53.3,45,73,44.2,20,8,4.7,0,29.9,29.9,29.8,0.00,2022-07-12
12,82.3,64,57,52.8,48,73,39.9,20,14,5.0,0,29.9,29.8,29.7,0.00,2022-07-13
13,78.8,68,59,54.3,46,64,44.7,24,16,8.7,1,29.8,29.8,29.7,0.00,2022-07-14
14,71.5,61,52,46.4,41,68,43.1,24,16,9.8,3,29.9,29.9,29.8,0.00,2022-07-15
15,73.1,59,50,48.0,45,68,43.1,25,14,7.8,2,29.9,29.9,29.8,0.00,2022-07-16
16,76.8,64,52,47.9,43,59,38.6,21,12,7.7,3,29.9,29.9,29.8,0.00,2022-07-17
17,83.0,63,55,48.3,45,59,33.3,15,8,4.1,0,29.9,29.8,29.7,0.00,2022-07-18
18,87.6,73,66,54.0,48,55,33.9,16,21,8.6,0,29.7,29.6,29.5,0.00,2022-07-19
19,69.0,64,66,63.6,61,100,84.0,54,13,7.8,2,29.8,29.7,29.6,0.00,2022-07-20
20,71.2,63,63,61.4,59,100,73.3,51,12,6.2,2,29.8,29.8,29.8,0.00,2022-07-21
21,70.5,63,68,63.2,61,94,78.3,61,9,6.8,3,29.8,29.7,29.7,0.00,2022-07-22
22,71.7,64,64,62.0,57,94,74.0,48,9,5.4,0,29.8,29.8,29.7,0.00,2022-07-23
23,77.2,63,63,58.6,55,88,57.1,29,12,5.6,0,29.8,29.7,29.6,0.00,2022-07-24
24,75.1,68,61,56.9,50,69,54.1,35,17,11.3,3,29.7,29.6,29.5,0.00,2022-07-25
25,68.0,63,57,53.9,50,82,61.7,44,12,6.9,2,29.8,29.7,29.7,0.00,2022-07-26
26,68.7,59,55,50.6,45,82,55.3,34,14,7.6,3,29.8,29.7,29.7,0.00,2022-07-27
27,71.5,61,48,46.4,45,59,42.7,28,12,6.5,3,29.7,29.6,29.6,0.00,2022-07-28
28,73.2,57,54,49.4,45,72,45.3,27,12,4.2,0,29.7,29.7,29.7,0.00,2022-07-29
29,76.9,63,57,52.6,50,72,44.1,29,13,5.7,0,29.8,29.8,29.7,0.00,2022-07-30
30,74.0,64,61,59.0,57,83,60.9,42,13,8.1,5,29.8,29.8,29.7,0.00,2022-07-31
0,73.0,64,61,59.0,57,83,63.1,42,8,5.0,2,29.8,29.8,29.7,0.00,2022-08-01
1,76.7,64,59,57.4,55,78,54.1,31,7,3.7,0,29.8,29.7,29.7,0.00,2022-08-02
2,82.3,64,63,58.5,52,88,48.6,23,8,4.1,1,29.7,29.6,29.6,0.00,2022-08-03
3,76.3,70,68,62.3,59,78,62.2,45,13,8.2,5,29.7,29.6,29.6,0.00,2022-08-04
4,70.2,61,63,55.2,43,94,62.6,37,16,10.1,3,29.9,29.8,29.6,0.00,2022-08-05
5,66.9,57,46,42.8,37,63,43.8,25,17,12.9,7,30.0,29.9,29.9,0.00,2022-08-06
6,70.4,59,46,45.0,43,63,41.9,26,16,12.7,7,29.9,29.9,29.8,0.00,2022-08-07
7,73.3,61,52,47.6,43,68,42.4,25,15,11.7,7,29.9,29.9,29.8,0.00,2022-08-08
8,75.9,63,55,52.6,48,72,46.6,27,15,11.5,8,29.9,29.9,29.8,0.00,2022-08-09
9,79.4,66,54,51.3,46,64,39.9,22,15,10.5,5,29.9,29.8,29.8,0.00,2022-08-10
10,79.8,66,50,47.2,45,49,33.7,20,17,8.8,2,29.8,29.7,29.7,0.00,2022-08-11
11,80.7,66,50,46.9,43,52,32.5,18,17,7.7,0,29.7,29.6,29.6,0.00,2022-08-12
12,80.3,68,50,45.4,43,46,30.8,18,14,6.9,0,29.6,29.6,29.5,0.00,2022-08-13
13,72.0,63,68,55.2,45,100,58.5,34,29,6.3,1,29.5,29.4,29.4,0.00,2022-08-14
14,68.6,61,66,61.8,59,100,80.9,48,12,5.0,1,29.4,29.4,29.3,0.00,2022-08-15
15,69.3,64,63,61.6,61,94,76.9,48,18,4.6,0,29.5,29.4,29.4,0.00,2022-08-16
16,67.2,63,64,63.1,59,100,87.1,54,12,3.3,0,29.6,29.5,29.5,0.00,2022-08-17
17,71.5,61,64,60.5,55,100,72.4,40,13,5.8,0,29.6,29.6,29.6,0.00,2022-08-18
18,68.8,63,64,61.1,57,88,77.0,61,12,6.9,3,29.8,29.7,29.7,0.00,2022-08-19
19,66.6,55,61,54.5,50,100,68.2,39,9,5.3,2,29.8,29.8,29.7,0.00,2022-08-20
20,68.5,55,59,54.9,52,100,64.3,41,12,4.5,0,29.8,29.7,29.6,0.00,2022-08-21
21,70.5,61,61,57.9,55,82,65.2,51,10,6.3,2,29.7,29.6,29.6,0.00,2022-08-22
22,73.2,63,64,62.1,59,94,69.3,48,8,3.6,1,29.7,29.7,29.6,0.00,2022-08-23
23,78.3,64,64,59.9,55,94,57.4,31,9,4.1,0,29.7,29.7,29.6,0.00,2022-08-24
24,77.0,64,61,56.9,54,73,51.9,31,18,7.0,0,29.7,29.6,29.6,0.00,2022-08-25
25,71.4,64,63,58.5,52,88,65.6,42,13,8.5,3,29.8,29.7,29.7,0.00,2022-08-26
26,69.4,61,57,53.0,48,82,58.3,36,13,8.8,5,29.7,29.7,29.7,0.00,2022-08-27
27,69.8,59,57,53.8,50,82,58.4,42,14,8.0,2,29.7,29.7,29.7,0.00,2022-08-28
28,72.9,63,57,52.5,48,63,49.2,39,16,10.6,7,29.7,29.7,29.7,0.00,2022-08-29
29,70.6,61,57,53.7,50,77,56.2,42,13,6.5,0,29.8,29.7,29.7,0.00,2022-08-30
30,71.4,61,57,54.5,52,72,56.4,37,12,7.2,3,29.8,29.7,29.7,0.00,2022-08-31
0,72.8,63,59,56.0,52,88,58.1,35,12,6.8,2,29.7,29.6,29.6,0.00,2022-09-01
1,69.0,64,61,55.8,50,78,63.1,46,14,6.1,2,29.6,29.5,29.5,0.00,2022-09-02
2,67.9,63,64,60.1,57,94,77.0,53,13,6.1,0,29.6,29.5,29.5,0.00,2022-09-03
3,71.8,57,57,54.3,52,94,57.6,33,10,5.3,0,29.7,29.7,29.6,0.00,2022-09-04
4,73.7,63,66,59.2,54,94,63.9,35,13,5.7,0,29.8,29.7,29.6,0.00,2022-09-05
5,70.9,59,63,59.6,52,100,71.3,33,14,5.3,0,29.7,29.6,29.5,0.00,2022-09-06
6,64.9,61,63,59.6,57,100,83.7,60,12,6.5,0,29.6,29.6,29.5,0.00,2022-09-07
7,63.7,59,59,57.7,55,100,82.4,60,18,9.1,5,29.5,29.5,29.5,0.00,2022-09-08
8,62.6,59,59,55.9,54,88,80.0,60,20,12.1,6,29.6,29.5,29.5,0.00,2022-09-09
9,61.5,57,61,57.5,55,94,87.7,68,16,8.7,3,29.8,29.7,29.6,0.00,2022-09-10
10,61.8,52,61,55.9,52,100,83.5,57,9,3.5,0,29.8,29.7,29.7,0.00,2022-09-11
11,67.8,55,59,56.6,54,100,71.3,39,9,4.0,0,29.7,29.6,29.5,0.00,2022-09-12
12,71.6,66,68,61.3,57,88,70.4,61,10,4.8,0,29.5,29.4,29.4,0.00,2022-09-13
13,72.0,66,68,63.3,57,94,76.2,50,16,7.9,0,29.4,29.3,29.3,0.00,2022-09-14
14,66.3,59,64,55.9,48,94,70.4,43,13,8.4,3,29.6,29.5,29.4,0.00,2022-09-15
15,59.1,54,54,47.0,39,94,65.8,45,15,7.7,3,29.8,29.6,29.6,0.00,2022-09-16
16,55.0,46,45,41.2,36,87,61.7,37,14,8.5,3,29.8,29.8,29.8,0.00,2022-09-17
17,55.5,45,46,43.0,41,87,64.8,43,15,7.5,0,29.8,29.8,29.8,0.00,2022-09-18
18,56.2,46,50,43.4,39,93,64.4,37,12,6.2,0,29.9,29.9,29.8,0.00,2022-09-19
19,55.9,46,48,45.2,41,87,68.5,52,8,5.2,2,29.9,29.9,29.9,0.00,2022-09-20
20,57.7,48,48,45.3,41,93,66.2,40,12,6.8,3,29.9,29.9,29.9,0.00,2022-09-21
21,57.4,45,45,42.7,41,93,60.9,33,6,2.3,0,29.9,29.8,29.8,0.00,2022-09-22
22,57.8,48,48,46.2,45,100,68.9,40,5,2.0,0,29.7,29.7,29.6,0.00,2022-09-23
23,58.2,54,57,53.5,46,100,84.6,59,13,5.1,0,29.6,29.6,29.6,0.00,2022-09-24
24,58.7,54,52,48.7,43,88,70.6,43,15,9.9,5,29.7,29.6,29.6,0.00,2022-09-25
25,54.4,52,54,48.8,45,100,82.7,59,18,10.2,5,29.6,29.4,29.3,0.00,2022-09-26
26,53.7,50,54,49.9,48,94,87.6,72,14,10.8,7,29.4,29.3,29.2,0.00,2022-09-27
27,54.2,52,52,48.0,43,100,81.3,55,10,7.4,3,29.2,29.2,29.2,0.00,2022-09-28
28,52.1,48,50,47.4,45,94,85.6,63,8,4.0,0,29.4,29.3,29.2,0.00,2022-09-29
29,52.6,41,50,45.1,41,100,78.3,49,14,5.4,0,29.6,29.5,29.4,0.00,2022-09-30
0,60.7,54,57,53.6,50,100,79.3,52,20,12.5,2,29.8,29.6,29.4,0.00,2022-10-01
1,61.1,55,63,57.5,52,100,88.4,72,18,9.3,3,29.9,29.8,29.8,0.00,2022-10-02
2,51.6,46,54,49.7,46,100,93.8,77,9,4.0,0,30.0,30.0,29.9,0.00,2022-10-03
3,53.2,43,55,49.6,43,100,88.4,64,8,3.5,0,29.9,29.8,29.8,0.00,2022-10-04
4,59.8,50,57,53.7,50,100,82.0,60,20,10.1,2,29.9,29.8,29.7,0.00,2022-10-05
5,57.2,48,54,47.0,43,94,71.3,40,10,4.1,0,30.1,30.1,29.9,0.00,2022-10-06
6,54.2,43,50,44.8,41,100,74.1,40,7,3.5,0,30.1,29.9,29.8,0.00,2022-10-07
7,55.6,48,52,45.1,41,100,70.0,42,10,5.2,0,29.9,29.9,29.8,0.00,2022-10-08
8,54.3,41,48,44.0,37,93,70.4,46,10,4.2,0,29.9,29.8,29.6,0.00,2022-10-09
9,57.4,48,57,52.2,46,100,83.9,73,13,5.5,0,29.9,29.7,29.6,0.00,2022-10-10
10,56.4,50,54,47.8,45,88,73.6,59,13,8.3,5,29.9,29.9,29.9,0.00,2022-10-11
11,54.7,43,54,47.9,43,100,78.6,52,7,2.3,0,29.9,29.9,29.8,0.00,2022-10-12
12,56.5,54,57,53.7,50,100,90.5,77,10,6.4,1,29.8,29.7,29.7,0.00,2022-10-13
13,59.6,57,63,58.7,57,100,97.2,94,15,7.2,3,29.7,29.6,29.4,0.00,2022-10-14
14,61.7,59,63,57.6,50,100,87.3,59,16,9.4,3,29.6,29.5,29.4,0.00,2022-10-15
15,61.9,57,63,59.0,55,100,90.4,77,9,5.2,1,29.6,29.6,29.6,0.00,2022-10-16
16,63.4,63,63,61.1,57,100,91.9,77,9,5.3,1,29.9,29.8,29.6,0.00,2022-10-17
17,61.7,59,63,60.2,59,100,94.7,83,8,4.3,1,30.0,29.9,29.9,0.00,2022-10-18
18,62.7,57,61,59.3,57,100,89.3,73,15,7.8,2,29.9,29.7,29.6,0.00,2022-10-19
19,63.7,57,63,59.1,55,100,86.5,57,17,6.7,0,29.6,29.5,29.4,0.00,2022-10-20
20,61.8,55,63,57.4,54,100,87.0,56,14,6.7,0,29.5,29.4,29.4,0.00,2022-10-21
21,61.4,55,57,55.1,54,94,80.8,57,10,5.9,2,29.6,29.6,29.5,0.00,2022-10-22
22,64.1,59,59,55.7,50,94,76.0,56,21,8.5,1,29.6,29.4,29.3,0.00,2022-10-23
23,61.2,57,57,54.1,50,88,77.7,56,17,12.9,6,29.6,29.5,29.4,0.00,2022-10-24
24,59.7,55,57,55.3,54,100,86.2,73,9,6.3,1,29.7,29.6,29.5,0.00,2022-10-25
25,63.1,57,59,56.2,55,94,80.0,60,12,5.8,1,29.8,29.7,29.5,0.00,2022-10-26
26,62.6,54,59,56.3,52,100,80.8,57,10,4.3,0,29.8,29.7,29.7,0.00,2022-10-27
27,65.4,59,61,57.3,54,88,75.9,64,12,5.2,2,29.8,29.8,29.7,0.00,2022-10-28
28,65.2,57,59,56.6,54,94,76.1,50,10,3.9,0,29.8,29.7,29.7,0.00,2022-10-29
29,59.1,54,55,54.0,52,100,83.9,68,12,3.5,0,29.8,29.7,29.7,0.00,2022-10-30
30,60.6,54,59,55.8,52,100,85.4,64,15,7.1,0,29.8,29.6,29.5,0.00,2022-10-31
0,57.9,50,57,48.7,46,94,72.8,59,20,13.4,8,29.8,29.7,29.5,0.00,2022-11-01
1,54.4,48,50,48.2,45,100,81.2,59,14,8.2,3,29.9,29.8,29.7,0.00,2022-11-02
2,53.1,48,52,48.5,46,94,85.8,67,15,9.0,5,29.7,29.4,29.3,0.00,2022-11-03
3,50.2,43,48,45.4,41,94,84.4,72,17,10.3,5,29.7,29.4,29.3,0.00,2022-11-04
4,46.7,39,46,43.7,39,100,90.2,77,10,6.3,2,29.8,29.8,29.7,0.00,2022-11-05
5,49.9,48,52,47.2,43,100,90.1,82,13,8.3,6,29.7,29.6,29.5,0.00,2022-11-06
6,56.0,52,55,52.5,50,100,88.0,77,16,11.0,3,29.6,29.6,29.5,0.00,2022-11-07
7,56.3,50,54,49.2,45,94,77.6,67,16,9.7,3,29.5,29.4,29.4,0.00,2022-11-08
8,54.1,46,52,49.9,45,100,86.4,67,14,7.6,2,29.8,29.6,29.4,0.00,2022-11-09
9,47.6,43,50,46.6,43,100,96.8,87,9,5.1,0,30.1,30.0,29.8,0.00,2022-11-10
10,49.9,45,48,46.7,45,100,89.5,72,10,5.2,0,30.1,30.1,30.0,0.00,2022-11-11
11,49.9,45,54,48.3,45,100,94.4,77,5,1.9,0,30.1,30.0,29.9,0.00,2022-11-12
12,47.7,41,52,46.0,41,100,94.5,77,8,3.1,0,29.9,29.8,29.6,0.00,2022-11-13
13,47.8,41,54,46.9,41,100,96.8,88,12,5.5,2,29.6,29.5,29.5,0.00,2022-11-14
14,51.0,45,54,49.7,45,100,95.3,88,13,8.1,3,29.5,29.3,29.2,0.00,2022-11-15
15,51.8,46,52,48.8,45,100,90.3,77,24,11.9,3,29.2,29.1,28.8,0.00,2022-11-16
16,53.7,50,52,46.1,45,88,76.4,63,26,15.0,7,29.1,29.0,28.8,0.00,2022-11-17
17,48.1,43,45,43.7,39,93,84.1,67,14,9.3,3,29.5,29.3,29.1,0.00,2022-11-18
18,45.6,39,45,41.1,37,100,84.7,67,10,7.0,3,29.6,29.6,29.5,0.00,2022-11-19
19,44.0,39,46,40.9,37,93,88.8,76,14,8.4,3,29.6,29.6,29.5,0.00,2022-11-20
20,44.3,41,45,41.8,37,100,90.8,81,14,9.2,5,29.6,29.2,29.0,0.00,2022-11-21
21,45.9,39,43,40.2,37,93,81.0,67,21,12.7,6,29.2,29.1,29.1,0.00,2022-11-22
22,46.4,41,50,42.9,39,100,87.8,58,21,9.0,5,29.4,29.2,29.1,0.00,2022-11-23
23,49.5,45,48,45.2,43,93,85.5,72,22,10.3,3,29.6,29.5,29.4,0.00,2022-11-24
24,48.1,41,48,45.2,41,100,90.2,67,14,6.4,0,30.0,29.7,29.5,0.00,2022-11-25
25,42.4,37,45,41.5,37,100,96.1,93,10,5.7,1,30.1,30.0,29.9,0.00,2022-11-26
26,45.7,43,45,41.0,39,93,83.9,66,12,8.0,3,29.9,29.7,29.6,0.00,2022-11-27
27,47.4,43,46,44.9,41,100,91.2,76,13,6.2,1,29.6,29.6,29.5,0.00,2022-11-28
28,44.5,39,43,42.2,37,100,91.5,76,7,3.5,0,29.8,29.7,29.6,0.00,2022-11-29
29,42.9,39,41,39.7,37,100,89.4,81,12,7.3,2,29.9,29.9,29.8,0.00,2022-11-30
0,41.8,39,39,37.2,34,93,85.0,76,15,10.6,7,29.9,29.9,29.9,0.00,2022-12-01
1,40.0,36,39,36.3,34,100,86.4,81,15,9.4,6,29.9,29.8,29.7,0.00,2022-12-02
2,37.5,37,36,33.8,32,93,84.9,81,15,12.6,9,29.7,29.6,29.6,0.00,2022-12-03
3,37.5,36,36,33.7,32,93,85.1,81,13,9.8,7,29.6,29.6,29.6,0.00,2022-12-04
4,36.5,36,36,34.2,34,93,90.6,87,8,3.8,0,29.8,29.8,29.6,0.00,2022-12-05
5,37.7,34,39,35.9,32,100,92.2,87,8,4.3,0,29.8,29.8,29.8,0.00,2022-12-06
6,37.6,30,39,34.6,30,100,89.8,71,8,3.6,0,29.8,29.8,29.6,0.00,2022-12-07
7,36.3,34,36,33.5,30,100,89.2,81,6,3.7,0,29.6,29.5,29.4,0.00,2022-12-08
8,35.3,32,34,31.6,30,93,87.3,75,10,6.0,0,29.4,29.4,29.3,0.00,2022-12-09
9,34.0,30,32,30.4,28,100,87.6,70,9,5.2,1,29.6,29.5,29.4,0.00,2022-12-10
10,28.7,27,28,26.9,25,100,91.6,75,9,6.3,3,29.6,29.5,29.5,0.00,2022-12-11
11,28.3,27,27,25.1,23,93,85.9,75,12,6.5,0,29.5,29.5,29.4,0.00,2022-12-12
12,29.6,27,23,20.9,19,86,71.6,56,12,7.3,2,29.4,29.3,29.2,0.00,2022-12-13
13,32.8,30,30,26.4,23,100,78.3,65,10,6.0,2,29.3,29.2,29.2,0.00,2022-12-14
14,31.2,27,25,23.3,19,86,72.7,56,15,9.8,5,29.5,29.4,29.3,0.00,2022-12-15
15,29.7,25,30,26.6,23,100,87.5,75,12,7.3,5,29.8,29.6,29.5,0.00,2022-12-16
16,27.6,23,27,25.2,21,100,89.5,75,7,4.6,0,29.9,29.9,29.8,0.00,2022-12-17
17,28.2,21,37,25.0,19,93,88.3,75,8,4.7,2,29.9,29.8,29.8,0.00,2022-12-18
18,48.2,39,45,41.1,37,93,77.2,67,12,7.8,3,29.8,29.7,29.7,0.00,2022-12-19
19,52.0,50,52,46.6,43,100,82.7,67,12,8.0,6,29.7,29.6,29.5,0.00,2022-12-20
20,51.0,46,52,48.8,45,100,92.8,82,16,10.2,5,29.6,29.5,29.4,0.00,2022-12-21
21,54.2,52,54,51.1,48,100,89.9,82,22,14.1,8,29.5,29.4,29.4,0.00,2022-12-22
22,55.9,52,55,52.5,48,94,87.2,77,21,12.2,6,29.6,29.5,29.4,0.00,2022-12-23
23,51.1,50,50,47.8,46,100,90.0,82,13,7.9,5,29.7,29.6,29.6,0.00,2022-12-24
24,52.4,48,50,48.7,48,100,88.0,72,15,7.4,2,29.6,29.6,29.5,0.00,2022-12-25
25,49.6,41,50,43.9,34,94,81.6,66,17,9.7,2,30.0,29.8,29.6,0.00,2022-12-26
26,42.6,37,45,38.7,36,93,85.8,66,13,6.2,1,30.0,30.0,29.8,0.00,2022-12-27
27,49.8,46,48,46.0,45,94,86.3,76,22,15.8,10,29.8,29.6,29.4,0.00,2022-12-28
28,49.8,43,50,44.0,39,94,81.3,62,21,12.7,3,29.6,29.5,29.4,0.00,2022-12-29
29,50.0,41,55,47.9,39,100,92.7,82,22,14.3,5,29.6,29.4,29.3,0.00,2022-12-30
30,59.1,57,55,48.3,39,94,68.2,51,21,16.4,10,29.6,29.5,29.5,0.00,2022-12-31
0,55.3,52,50,46.5,41,94,73.6,51,94,73.6,51,29.7,29.6,29.6,0.00,2023-01-01
1,50.8,45,52,46.7,43,94,86.7,67,94,86.7,67,30.0,29.8,29.6,0.00,2023-01-02
2,44.9,41,46,43.5,39,100,94.0,87,100,94.0,87,30.1,30.0,30.0,0.00,2023-01-03
3,52.4,50,54,50.1,46,100,92.2,87,100,92.2,87,29.9,29.9,29.9,0.00,2023-01-04
4,53.8,52,54,50.3,46,94,88.6,82,94,88.6,82,29.9,29.9,29.9,0.00,2023-01-05
5,52.1,50,48,47.0,45,94,84.1,76,94,84.1,76,29.9,29.8,29.8,0.00,2023-01-06
6,49.6,45,46,43.3,41,87,78.8,67,87,78.8,67,29.8,29.5,29.4,0.00,2023-01-07
7,48.7,43,46,44.4,39,93,84.2,76,93,84.2,76,29.4,29.3,29.1,0.00,2023-01-08
8,44.4,41,41,38.1,36,87,79.7,66,87,79.7,66,29.7,29.4,29.2,0.00,2023-01-09
9,44.2,37,50,42.1,36,100,92.3,87,100,92.3,87,29.8,29.7,29.6,0.00,2023-01-10
10,51.3,48,52,45.9,39,94,82.6,58,94,82.6,58,29.8,29.7,29.6,0.00,2023-01-11
11,50.5,48,48,46.5,43,94,86.7,82,94,86.7,82,29.8,29.6,29.6,0.00,2023-01-12
12,48.5,45,50,42.3,39,94,79.4,62,94,79.4,62,29.8,29.7,29.5,0.00,2023-01-13
13,50.1,45,52,47.1,39,100,89.8,81,100,89.8,81,29.8,29.5,29.3,0.00,2023-01-14
14,44.7,41,43,38.1,36,93,79.0,62,93,79.0,62,29.5,29.4,29.2,0.00,2023-01-15
15,41.4,36,41,37.2,34,93,85.2,76,93,85.2,76,29.2,28.8,28.6,0.00,2023-01-16
16,35.7,32,37,33.8,30,100,92.2,81,100,92.2,81,28.9,28.8,28.8,0.00,2023-01-17
17,35.1,30,34,29.7,27,93,80.9,65,93,80.9,65,29.4,29.2,28.9,0.00,2023-01-18
18,33.7,32,34,32.3,30,100,95.0,87,100,95.0,87,29.5,29.4,29.4,0.00,2023-01-19
19,36.1,32,36,32.6,30,100,87.4,70,100,87.4,70,29.8,29.7,29.6,0.00,2023-01-20
20,35.3,32,36,28.7,25,87,77.4,65,87,77.4,65,30.1,30.0,29.8,0.00,2023-01-21
21,33.2,30,28,26.7,25,81,77.5,70,81,77.5,70,30.2,30.1,30.1,0.00,2023-01-22
22,35.5,34,30,29.3,28,87,79.3,70,87,79.3,70,30.2,30.2,30.1,0.00,2023-01-23
23,36.0,34,32,30.9,28,87,82.1,75,87,82.1,75,30.3,30.2,30.2,0.00,2023-01-24
24,33.8,30,34,30.9,27,93,89.5,81,93,89.5,81,30.2,30.1,30.0,0.00,2023-01-25
25,35.6,32,39,33.4,28,100,91.7,81,100,91.7,81,29.9,29.9,29.9,0.00,2023-01-26
26,41.0,41,37,34.1,32,87,76.1,70,87,76.1,70,29.9,29.9,29.9,0.00,2023-01-27
